Mine_Name,Mine_Type,Data_Point,Period,Value_Tonnes_Per_Year,Note,Source,Source_URL
Balaghat,Underground,Production level (approx),~2016,300000,Baseline cited before shaft expansion investment,MOIL BSE Filing - Board approves Rs 461 crore investment,https://www.business-standard.com/article/markets/moil-gains-as-board-approves-rs-461-crore-investment-proposals-116062900462_1.html
Balaghat,Underground,Production target (interim),FY2024,140000,Interim target before full shaft commissioning,MOIL BSE Filing - Board approves Rs 461 crore investment,https://www.business-standard.com/article/markets/moil-gains-as-board-approves-rs-461-crore-investment-proposals-116062900462_1.html
Balaghat,Underground,Production target (post shaft),FY2025,600000,Target after high-speed vertical shaft commissioning,MOIL BSE Filing - Board approves Rs 461 crore investment,https://www.business-standard.com/article/markets/moil-gains-as-board-approves-rs-461-crore-investment-proposals-116062900462_1.html
Ukwa (existing block),Underground,Capacity - Environmental Clearance limit,As of filing (~2019),115000,Existing sanctioned capacity before expansion,MOIL BSE Filing on Ukwa expansion,https://bseindia.com/xml-data/corpfiling/AttachHis/0c5a7268-169e-4a46-805f-4c5be2f3f1ed.pdf
Ukwa (new adjacent block),Underground,Additional capacity after new EC,~2019-2020,120000,New adjacent lease area capacity added,MOIL BSE Filing on Ukwa expansion,https://bseindia.com/xml-data/corpfiling/AttachHis/0c5a7268-169e-4a46-805f-4c5be2f3f1ed.pdf
Ukwa (combined),Underground,Total capacity post-expansion,Post-2020,235000,Combined capacity of existing plus new block,MOIL BSE Filing on Ukwa expansion,https://bseindia.com/xml-data/corpfiling/AttachHis/0c5a7268-169e-4a46-805f-4c5be2f3f1ed.pdf
Parsoda (11th mine),Development stage,New mine production target,~2019 onward,40000,New mine commissioned in Nagpur district; production expected to gradually ramp up,MOIL BSE Filing FY2016-17 Directors Report,https://bseindia.com/xml-data/corpfiling/AttachHis/7640986e-1af4-4c6a-8593-b5ab25a66e3e.pdf
Gumgaon,Underground,Capex investment (not production),2016,NA,Rs 195 crore investment for shaft sinking; no production figure disclosed in this filing,MOIL BSE Filing - Board approves Rs 461 crore investment,https://www.business-standard.com/article/markets/moil-gains-as-board-approves-rs-461-crore-investment-proposals-116062900462_1.html
Chikla,Underground,Shaft sinking project status,FY2016-17,NA,Second vertical shaft sinking completed; no standalone production figure disclosed,MOIL BSE Filing FY2016-17 Directors Report,https://bseindia.com/xml-data/corpfiling/AttachHis/7640986e-1af4-4c6a-8593-b5ab25a66e3e.pdf
Kandri,Underground,Shaft deepening project status,FY2016-17,NA,Shaft deepening completed; no standalone production figure disclosed,MOIL BSE Filing FY2016-17 Directors Report,https://bseindia.com/xml-data/corpfiling/AttachHis/7640986e-1af4-4c6a-8593-b5ab25a66e3e.pdf
Munsar,Underground,Shaft sinking project status,FY2016-17,NA,Shaft sinking in progress; no standalone production figure disclosed,MOIL BSE Filing FY2016-17 Directors Report,https://bseindia.com/xml-data/corpfiling/AttachHis/7640986e-1af4-4c6a-8593-b5ab25a66e3e.pdf
Beldongri,Underground,No public production figure found,NA,NA,No standalone tonnage disclosed in any filing reviewed,NA,NA
Dongri Buzurg,Opencast,EMD plant co-located here,Ongoing,NA,Hosts MOIL's Electrolytic Manganese Dioxide plant (1500 tpy capacity); ore tonnage not separately disclosed,MOIL Company Overview,https://en.wikipedia.org/wiki/MOIL
Sitapatore/Sukli,Opencast,No public production figure found,NA,NA,No standalone tonnage disclosed in any filing reviewed,NA,NA
Tirodi,Opencast,No public production figure found,NA,NA,Mine confirmed as opencast mechanised operation; no standalone tonnage disclosed,IBM Indian Minerals Yearbook,https://ibm.gov.in/writereaddata/files/17125770456613da1576db0Manganese_Ore_2022.pdf
