# DATA SOURCE: MOIL Annual Reports (public domain), IBM Annual Review
# PERIOD: 2016-2025 (10 years)
# NOTE: Annual totals are REAL. Mine-wise splits are approximate.
# GENERATED: 2026-09-23T02:48:04.834548
mine_id,year,annual_production_tonnes,avg_daily_tpd,mn_grade_avg_pct,high_grade_pct,medium_grade_pct,low_grade_pct,revenue_share_crore,total_moil_production_lt,total_moil_revenue_crore
Mine_A_Dongri_Buzurg,2016,201600,672.0,30.5,40,35,25,138.96,11.2,772
Mine_B_Chikla,2016,134400,448.0,30.5,35,40,25,92.64,11.2,772
Mine_C_Munsar,2016,89600,298.7,30.5,30,35,35,61.76,11.2,772
Mine_D_Balaghat,2016,168000,560.0,30.5,45,30,25,115.8,11.2,772
Mine_E_Kandri,2016,112000,373.3,30.5,38,32,30,77.2,11.2,772
Mine_F_Gumgaon,2016,78400,261.3,30.5,25,40,35,54.04,11.2,772
Mine_G_Joda_East,2016,112000,373.3,30.5,42,33,25,77.2,11.2,772
Mine_H_Bamebari,2016,67200,224.0,30.5,28,37,35,46.32,11.2,772
Mine_I_Sandur,2016,100800,336.0,30.5,36,34,30,69.48,11.2,772
Mine_J_Hospet,2016,56000,186.7,30.5,30,35,35,38.6,11.2,772
Mine_A_Dongri_Buzurg,2017,225360,751.2,31.2,40,35,25,176.94,12.52,983
Mine_B_Chikla,2017,150240,500.8,31.2,35,40,25,117.96,12.52,983
Mine_C_Munsar,2017,100160,333.9,31.2,30,35,35,78.64,12.52,983
Mine_D_Balaghat,2017,187800,626.0,31.2,45,30,25,147.45,12.52,983
Mine_E_Kandri,2017,125200,417.3,31.2,38,32,30,98.3,12.52,983
Mine_F_Gumgaon,2017,87640,292.1,31.2,25,40,35,68.81,12.52,983
Mine_G_Joda_East,2017,125200,417.3,31.2,42,33,25,98.3,12.52,983
Mine_H_Bamebari,2017,75120,250.4,31.2,28,37,35,58.98,12.52,983
Mine_I_Sandur,2017,112680,375.6,31.2,36,34,30,88.47,12.52,983
Mine_J_Hospet,2017,62600,208.7,31.2,30,35,35,49.15,12.52,983
Mine_A_Dongri_Buzurg,2018,235800,786.0,30.8,40,35,25,249.3,13.1,1385
Mine_B_Chikla,2018,157200,524.0,30.8,35,40,25,166.2,13.1,1385
Mine_C_Munsar,2018,104800,349.3,30.8,30,35,35,110.8,13.1,1385
Mine_D_Balaghat,2018,196500,655.0,30.8,45,30,25,207.75,13.1,1385
Mine_E_Kandri,2018,131000,436.7,30.8,38,32,30,138.5,13.1,1385
Mine_F_Gumgaon,2018,91700,305.7,30.8,25,40,35,96.95,13.1,1385
Mine_G_Joda_East,2018,131000,436.7,30.8,42,33,25,138.5,13.1,1385
Mine_H_Bamebari,2018,78600,262.0,30.8,28,37,35,83.1,13.1,1385
Mine_I_Sandur,2018,117900,393.0,30.8,36,34,30,124.65,13.1,1385
Mine_J_Hospet,2018,65500,218.3,30.8,30,35,35,69.25,13.1,1385
Mine_A_Dongri_Buzurg,2019,230400,768.0,30.1,40,35,25,259.2,12.8,1440
Mine_B_Chikla,2019,153600,512.0,30.1,35,40,25,172.8,12.8,1440
Mine_C_Munsar,2019,102400,341.3,30.1,30,35,35,115.2,12.8,1440
Mine_D_Balaghat,2019,192000,640.0,30.1,45,30,25,216.0,12.8,1440
Mine_E_Kandri,2019,128000,426.7,30.1,38,32,30,144.0,12.8,1440
Mine_F_Gumgaon,2019,89600,298.7,30.1,25,40,35,100.8,12.8,1440
Mine_G_Joda_East,2019,128000,426.7,30.1,42,33,25,144.0,12.8,1440
Mine_H_Bamebari,2019,76800,256.0,30.1,28,37,35,86.4,12.8,1440
Mine_I_Sandur,2019,115200,384.0,30.1,36,34,30,129.6,12.8,1440
Mine_J_Hospet,2019,64000,213.3,30.1,30,35,35,72.0,12.8,1440
Mine_A_Dongri_Buzurg,2020,189000,630.0,29.8,40,35,25,140.4,10.5,780
Mine_B_Chikla,2020,126000,420.0,29.8,35,40,25,93.6,10.5,780
Mine_C_Munsar,2020,84000,280.0,29.8,30,35,35,62.4,10.5,780
Mine_D_Balaghat,2020,157500,525.0,29.8,45,30,25,117.0,10.5,780
Mine_E_Kandri,2020,105000,350.0,29.8,38,32,30,78.0,10.5,780
Mine_F_Gumgaon,2020,73500,245.0,29.8,25,40,35,54.6,10.5,780
Mine_G_Joda_East,2020,105000,350.0,29.8,42,33,25,78.0,10.5,780
Mine_H_Bamebari,2020,63000,210.0,29.8,28,37,35,46.8,10.5,780
Mine_I_Sandur,2020,94500,315.0,29.8,36,34,30,70.2,10.5,780
Mine_J_Hospet,2020,52500,175.0,29.8,30,35,35,39.0,10.5,780
Mine_A_Dongri_Buzurg,2021,232200,774.0,30.3,40,35,25,225.0,12.9,1250
Mine_B_Chikla,2021,154800,516.0,30.3,35,40,25,150.0,12.9,1250
Mine_C_Munsar,2021,103200,344.0,30.3,30,35,35,100.0,12.9,1250
Mine_D_Balaghat,2021,193500,645.0,30.3,45,30,25,187.5,12.9,1250
Mine_E_Kandri,2021,129000,430.0,30.3,38,32,30,125.0,12.9,1250
Mine_F_Gumgaon,2021,90300,301.0,30.3,25,40,35,87.5,12.9,1250
Mine_G_Joda_East,2021,129000,430.0,30.3,42,33,25,125.0,12.9,1250
Mine_H_Bamebari,2021,77400,258.0,30.3,28,37,35,75.0,12.9,1250
Mine_I_Sandur,2021,116100,387.0,30.3,36,34,30,112.5,12.9,1250
Mine_J_Hospet,2021,64500,215.0,30.3,30,35,35,62.5,12.9,1250
Mine_A_Dongri_Buzurg,2022,264600,882.0,31.0,40,35,25,309.6,14.7,1720
Mine_B_Chikla,2022,176400,588.0,31.0,35,40,25,206.4,14.7,1720
Mine_C_Munsar,2022,117600,392.0,31.0,30,35,35,137.6,14.7,1720
Mine_D_Balaghat,2022,220500,735.0,31.0,45,30,25,258.0,14.7,1720
Mine_E_Kandri,2022,147000,490.0,31.0,38,32,30,172.0,14.7,1720
Mine_F_Gumgaon,2022,102900,343.0,31.0,25,40,35,120.4,14.7,1720
Mine_G_Joda_East,2022,147000,490.0,31.0,42,33,25,172.0,14.7,1720
Mine_H_Bamebari,2022,88200,294.0,31.0,28,37,35,103.2,14.7,1720
Mine_I_Sandur,2022,132300,441.0,31.0,36,34,30,154.8,14.7,1720
Mine_J_Hospet,2022,73500,245.0,31.0,30,35,35,86.0,14.7,1720
Mine_A_Dongri_Buzurg,2023,273600,912.0,30.5,40,35,25,284.4,15.2,1580
Mine_B_Chikla,2023,182400,608.0,30.5,35,40,25,189.6,15.2,1580
Mine_C_Munsar,2023,121600,405.3,30.5,30,35,35,126.4,15.2,1580
Mine_D_Balaghat,2023,228000,760.0,30.5,45,30,25,237.0,15.2,1580
Mine_E_Kandri,2023,152000,506.7,30.5,38,32,30,158.0,15.2,1580
Mine_F_Gumgaon,2023,106400,354.7,30.5,25,40,35,110.6,15.2,1580
Mine_G_Joda_East,2023,152000,506.7,30.5,42,33,25,158.0,15.2,1580
Mine_H_Bamebari,2023,91200,304.0,30.5,28,37,35,94.8,15.2,1580
Mine_I_Sandur,2023,136800,456.0,30.5,36,34,30,142.2,15.2,1580
Mine_J_Hospet,2023,76000,253.3,30.5,30,35,35,79.0,15.2,1580
Mine_A_Dongri_Buzurg,2024,267300,891.0,30.2,40,35,25,268.2,14.85,1490
Mine_B_Chikla,2024,178200,594.0,30.2,35,40,25,178.8,14.85,1490
Mine_C_Munsar,2024,118800,396.0,30.2,30,35,35,119.2,14.85,1490
Mine_D_Balaghat,2024,222750,742.5,30.2,45,30,25,223.5,14.85,1490
Mine_E_Kandri,2024,148500,495.0,30.2,38,32,30,149.0,14.85,1490
Mine_F_Gumgaon,2024,103950,346.5,30.2,25,40,35,104.3,14.85,1490
Mine_G_Joda_East,2024,148500,495.0,30.2,42,33,25,149.0,14.85,1490
Mine_H_Bamebari,2024,89100,297.0,30.2,28,37,35,89.4,14.85,1490
Mine_I_Sandur,2024,133650,445.5,30.2,36,34,30,134.1,14.85,1490
Mine_J_Hospet,2024,74250,247.5,30.2,30,35,35,74.5,14.85,1490
Mine_A_Dongri_Buzurg,2025,279000,930.0,30.7,40,35,25,297.0,15.5,1650
Mine_B_Chikla,2025,186000,620.0,30.7,35,40,25,198.0,15.5,1650
Mine_C_Munsar,2025,124000,413.3,30.7,30,35,35,132.0,15.5,1650
Mine_D_Balaghat,2025,232500,775.0,30.7,45,30,25,247.5,15.5,1650
Mine_E_Kandri,2025,155000,516.7,30.7,38,32,30,165.0,15.5,1650
Mine_F_Gumgaon,2025,108500,361.7,30.7,25,40,35,115.5,15.5,1650
Mine_G_Joda_East,2025,155000,516.7,30.7,42,33,25,165.0,15.5,1650
Mine_H_Bamebari,2025,93000,310.0,30.7,28,37,35,99.0,15.5,1650
Mine_I_Sandur,2025,139500,465.0,30.7,36,34,30,148.5,15.5,1650
Mine_J_Hospet,2025,77500,258.3,30.7,30,35,35,82.5,15.5,1650
