mine_id,latitude,longitude,year,month,rainfall_mm,rainy_days,temp_max,temp_min,temp_mean
Mine_A_Dongri_Buzurg,21.55,79.717,2016,1,1.1,0,32.0,7.2,20.345161290322583
Mine_A_Dongri_Buzurg,21.55,79.717,2016,2,6.6000000000000005,1,34.6,11.9,25.158620689655173
Mine_A_Dongri_Buzurg,21.55,79.717,2016,3,23.5,2,39.5,17.2,28.18387096774193
Mine_A_Dongri_Buzurg,21.55,79.717,2016,4,6.8,1,42.7,22.0,33.45333333333333
Mine_A_Dongri_Buzurg,21.55,79.717,2016,5,7.199999999999999,0,45.0,25.2,34.46774193548387
Mine_A_Dongri_Buzurg,21.55,79.717,2016,6,155.9,11,42.7,24.2,31.89
Mine_A_Dongri_Buzurg,21.55,79.717,2016,7,685.4,29,31.9,23.1,25.91290322580645
Mine_A_Dongri_Buzurg,21.55,79.717,2016,8,333.3,21,32.3,21.3,25.62258064516129
Mine_A_Dongri_Buzurg,21.55,79.717,2016,9,250.3,21,31.1,22.6,26.063333333333333
Mine_A_Dongri_Buzurg,21.55,79.717,2016,10,44.2,5,31.6,15.3,24.661290322580644
Mine_A_Dongri_Buzurg,21.55,79.717,2016,11,0.3,0,30.5,11.8,21.75333333333333
Mine_A_Dongri_Buzurg,21.55,79.717,2016,12,0.0,0,30.0,9.3,19.57741935483871
Mine_A_Dongri_Buzurg,21.55,79.717,2017,1,0.6,0,30.4,9.0,19.993548387096773
Mine_A_Dongri_Buzurg,21.55,79.717,2017,2,2.5,0,35.1,13.8,23.839285714285715
Mine_A_Dongri_Buzurg,21.55,79.717,2017,3,1.6,0,41.8,15.8,28.08709677419355
Mine_A_Dongri_Buzurg,21.55,79.717,2017,4,0.1,0,43.9,21.6,33.266666666666666
Mine_A_Dongri_Buzurg,21.55,79.717,2017,5,12.0,1,44.1,25.2,34.46451612903226
Mine_A_Dongri_Buzurg,21.55,79.717,2017,6,184.1,12,41.9,24.1,31.040000000000003
Mine_A_Dongri_Buzurg,21.55,79.717,2017,7,355.2,26,33.4,23.6,26.65806451612903
Mine_A_Dongri_Buzurg,21.55,79.717,2017,8,437.4,24,32.2,23.0,26.951612903225808
Mine_A_Dongri_Buzurg,21.55,79.717,2017,9,177.20000000000002,15,33.8,21.8,27.14333333333333
Mine_A_Dongri_Buzurg,21.55,79.717,2017,10,63.2,10,34.1,15.6,26.125806451612902
Mine_A_Dongri_Buzurg,21.55,79.717,2017,11,2.0,0,32.1,13.1,23.24333333333333
Mine_A_Dongri_Buzurg,21.55,79.717,2017,12,0.0,0,31.0,10.9,20.616129032258065
Mine_A_Dongri_Buzurg,21.55,79.717,2018,1,0.0,0,32.1,9.3,19.55806451612903
Mine_A_Dongri_Buzurg,21.55,79.717,2018,2,18.6,2,35.9,12.2,23.53214285714285
Mine_A_Dongri_Buzurg,21.55,79.717,2018,3,2.2,0,40.6,18.0,28.561290322580643
Mine_A_Dongri_Buzurg,21.55,79.717,2018,4,23.5,5,42.2,22.0,31.433333333333334
Mine_A_Dongri_Buzurg,21.55,79.717,2018,5,5.4,0,43.2,26.4,34.66451612903226
Mine_A_Dongri_Buzurg,21.55,79.717,2018,6,165.3,10,40.8,24.1,30.53
Mine_A_Dongri_Buzurg,21.55,79.717,2018,7,531.9,25,31.7,23.5,26.774193548387096
Mine_A_Dongri_Buzurg,21.55,79.717,2018,8,491.8,27,32.0,23.3,26.274193548387096
Mine_A_Dongri_Buzurg,21.55,79.717,2018,9,115.1,8,33.9,20.5,26.540000000000003
Mine_A_Dongri_Buzurg,21.55,79.717,2018,10,0.8,0,35.5,16.7,26.432258064516127
Mine_A_Dongri_Buzurg,21.55,79.717,2018,11,0.2,0,32.1,12.9,23.12333333333333
Mine_A_Dongri_Buzurg,21.55,79.717,2018,12,27.9,2,28.5,6.4,18.616129032258065
Mine_A_Dongri_Buzurg,21.55,79.717,2019,1,39.3,3,30.8,6.8,18.68387096774193
Mine_A_Dongri_Buzurg,21.55,79.717,2019,2,4.6,1,34.8,9.5,21.98928571428572
Mine_A_Dongri_Buzurg,21.55,79.717,2019,3,17.9,1,40.3,14.3,26.825806451612905
Mine_A_Dongri_Buzurg,21.55,79.717,2019,4,3.8,1,43.9,21.0,32.190000000000005
Mine_A_Dongri_Buzurg,21.55,79.717,2019,5,1.1,0,44.7,24.4,35.67741935483871
Mine_A_Dongri_Buzurg,21.55,79.717,2019,6,162.4,8,44.7,24.9,33.943333333333335
Mine_A_Dongri_Buzurg,21.55,79.717,2019,7,465.9,20,34.8,23.7,27.73225806451613
Mine_A_Dongri_Buzurg,21.55,79.717,2019,8,463.0,26,32.0,23.1,26.48709677419355
Mine_A_Dongri_Buzurg,21.55,79.717,2019,9,492.0,27,31.6,22.7,26.24
Mine_A_Dongri_Buzurg,21.55,79.717,2019,10,60.1,10,32.6,18.4,25.30967741935484
Mine_A_Dongri_Buzurg,21.55,79.717,2019,11,0.0,0,31.3,14.4,23.186666666666667
Mine_A_Dongri_Buzurg,21.55,79.717,2019,12,19.8,3,29.4,6.0,19.62903225806452
Mine_A_Dongri_Buzurg,21.55,79.717,2020,1,53.0,4,29.8,7.2,18.41290322580645
Mine_A_Dongri_Buzurg,21.55,79.717,2020,2,30.0,3,31.6,9.2,20.53793103448276
Mine_A_Dongri_Buzurg,21.55,79.717,2020,3,44.2,5,36.5,16.1,25.029032258064515
Mine_A_Dongri_Buzurg,21.55,79.717,2020,4,2.0,0,39.7,19.9,30.07333333333333
Mine_A_Dongri_Buzurg,21.55,79.717,2020,5,1.3,0,44.0,22.1,33.229032258064514
Mine_A_Dongri_Buzurg,21.55,79.717,2020,6,301.3,19,38.1,23.7,28.686666666666667
Mine_A_Dongri_Buzurg,21.55,79.717,2020,7,308.5,25,33.3,23.6,27.42258064516129
Mine_A_Dongri_Buzurg,21.55,79.717,2020,8,703.2,25,32.0,23.2,26.458064516129035
Mine_A_Dongri_Buzurg,21.55,79.717,2020,9,213.4,20,33.6,22.7,27.346666666666668
Mine_A_Dongri_Buzurg,21.55,79.717,2020,10,54.2,6,33.9,17.9,26.396774193548385
Mine_A_Dongri_Buzurg,21.55,79.717,2020,11,4.6,1,32.7,13.0,23.03333333333333
Mine_A_Dongri_Buzurg,21.55,79.717,2020,12,0.6000000000000001,0,30.3,9.3,20.451612903225808
Mine_A_Dongri_Buzurg,21.55,79.717,2021,1,6.6000000000000005,1,31.4,9.6,21.70967741935484
Mine_A_Dongri_Buzurg,21.55,79.717,2021,2,9.3,1,34.2,10.0,21.92142857142857
Mine_A_Dongri_Buzurg,21.55,79.717,2021,3,1.3,0,40.5,13.8,26.97741935483871
Mine_A_Dongri_Buzurg,21.55,79.717,2021,4,0.1,0,40.4,19.1,30.516666666666666
Mine_A_Dongri_Buzurg,21.55,79.717,2021,5,28.5,4,41.0,22.9,31.96451612903226
Mine_A_Dongri_Buzurg,21.55,79.717,2021,6,295.3,20,39.1,23.8,28.34
Mine_A_Dongri_Buzurg,21.55,79.717,2021,7,316.0,21,33.5,23.7,27.38064516129032
Mine_A_Dongri_Buzurg,21.55,79.717,2021,8,235.9,20,32.5,22.9,27.038709677419355
Mine_A_Dongri_Buzurg,21.55,79.717,2021,9,401.7,25,31.8,23.1,26.39
Mine_A_Dongri_Buzurg,21.55,79.717,2021,10,28.7,3,34.1,16.3,26.1483870967742
Mine_A_Dongri_Buzurg,21.55,79.717,2021,11,11.6,2,31.8,13.1,23.7
Mine_A_Dongri_Buzurg,21.55,79.717,2021,12,31.7,2,29.5,7.9,19.77741935483871
Mine_A_Dongri_Buzurg,21.55,79.717,2022,1,15.8,3,28.6,7.6,17.73225806451613
Mine_A_Dongri_Buzurg,21.55,79.717,2022,2,2.7,0,32.4,9.1,21.22142857142857
Mine_A_Dongri_Buzurg,21.55,79.717,2022,3,0.0,0,41.2,16.1,28.14516129032258
Mine_A_Dongri_Buzurg,21.55,79.717,2022,4,0.6,0,44.4,22.3,33.52
Mine_A_Dongri_Buzurg,21.55,79.717,2022,5,18.200000000000003,2,43.7,25.1,34.46451612903226
Mine_A_Dongri_Buzurg,21.55,79.717,2022,6,167.0,13,43.4,23.5,31.166666666666668
Mine_A_Dongri_Buzurg,21.55,79.717,2022,7,580.2,30,32.3,23.2,26.364516129032257
Mine_A_Dongri_Buzurg,21.55,79.717,2022,8,504.9,26,32.4,22.3,26.4741935483871
Mine_A_Dongri_Buzurg,21.55,79.717,2022,9,287.5,21,33.6,21.5,26.346666666666668
Mine_A_Dongri_Buzurg,21.55,79.717,2022,10,143.4,12,32.2,13.8,24.4
Mine_A_Dongri_Buzurg,21.55,79.717,2022,11,0.0,0,31.2,10.3,21.05
Mine_A_Dongri_Buzurg,21.55,79.717,2022,12,6.6,1,30.7,11.0,21.36774193548387
Mine_A_Dongri_Buzurg,21.55,79.717,2023,1,0.0,0,31.7,9.1,20.97741935483871
Mine_A_Dongri_Buzurg,21.55,79.717,2023,2,0.0,0,35.7,11.1,23.442857142857143
Mine_A_Dongri_Buzurg,21.55,79.717,2023,3,35.800000000000004,3,38.0,16.9,26.62258064516129
Mine_A_Dongri_Buzurg,21.55,79.717,2023,4,56.7,5,41.8,19.6,29.16
Mine_A_Dongri_Buzurg,21.55,79.717,2023,5,32.1,3,43.0,20.1,31.65806451612903
Mine_A_Dongri_Buzurg,21.55,79.717,2023,6,316.3,10,43.1,24.2,32.88
Mine_A_Dongri_Buzurg,21.55,79.717,2023,7,579.8,28,34.1,23.4,27.538709677419355
Mine_A_Dongri_Buzurg,21.55,79.717,2023,8,319.2,13,32.9,21.8,27.283870967741933
Mine_A_Dongri_Buzurg,21.55,79.717,2023,9,399.3,20,34.7,22.3,26.83
Mine_A_Dongri_Buzurg,21.55,79.717,2023,10,1.8,0,35.3,15.2,25.796774193548387
Mine_A_Dongri_Buzurg,21.55,79.717,2023,11,24.700000000000003,2,32.6,15.3,23.273333333333333
Mine_A_Dongri_Buzurg,21.55,79.717,2023,12,24.4,2,30.9,11.0,20.074193548387097
Mine_A_Dongri_Buzurg,21.55,79.717,2024,1,25.2,2,30.2,8.7,20.5
Mine_A_Dongri_Buzurg,21.55,79.717,2024,2,56.8,5,33.1,12.2,23.055172413793105
Mine_A_Dongri_Buzurg,21.55,79.717,2024,3,58.9,2,40.4,15.2,27.374193548387098
Mine_A_Dongri_Buzurg,21.55,79.717,2024,4,21.3,3,41.5,20.2,29.99
Mine_A_Dongri_Buzurg,21.55,79.717,2024,5,39.1,3,45.4,20.3,32.596774193548384
Mine_A_Dongri_Buzurg,21.55,79.717,2024,6,181.7,15,44.0,24.1,31.12
Mine_A_Dongri_Buzurg,21.55,79.717,2024,7,628.6,29,32.3,23.8,27.083870967741937
Mine_A_Dongri_Buzurg,21.55,79.717,2024,8,424.4,26,32.2,23.4,26.351612903225806
Mine_A_Dongri_Buzurg,21.55,79.717,2024,9,379.8,22,33.4,22.4,26.81
Mine_A_Dongri_Buzurg,21.55,79.717,2024,10,31.9,4,34.3,18.8,26.825806451612905
Mine_A_Dongri_Buzurg,21.55,79.717,2024,11,0.0,0,33.3,12.2,22.28333333333333
Mine_A_Dongri_Buzurg,21.55,79.717,2024,12,3.0,0,30.3,8.5,20.83870967741936
Mine_A_Dongri_Buzurg,21.55,79.717,2025,1,0.2,0,32.1,8.3,19.93870967741936
Mine_A_Dongri_Buzurg,21.55,79.717,2025,2,0.0,0,35.7,14.4,25.164285714285715
Mine_A_Dongri_Buzurg,21.55,79.717,2025,3,0.0,0,40.6,15.0,28.88387096774193
Mine_A_Dongri_Buzurg,21.55,79.717,2025,4,1.5,0,42.4,21.0,31.746666666666663
Mine_A_Dongri_Buzurg,21.55,79.717,2025,5,31.1,6,40.6,22.6,31.493548387096773
Mine_A_Dongri_Buzurg,21.55,79.717,2025,6,190.1,13,42.4,23.7,29.9
Mine_A_Dongri_Buzurg,21.55,79.717,2025,7,665.7,25,33.4,23.0,26.6
Mine_A_Dongri_Buzurg,21.55,79.717,2025,8,328.9,24,33.0,23.4,26.961290322580645
Mine_A_Dongri_Buzurg,21.55,79.717,2025,9,340.1,22,33.2,22.7,26.723333333333336
Mine_A_Dongri_Buzurg,21.55,79.717,2025,10,82.6,7,32.6,18.6,25.845161290322583
Mine_A_Dongri_Buzurg,21.55,79.717,2025,11,1.4,0,30.8,11.4,21.27
Mine_A_Dongri_Buzurg,21.55,79.717,2025,12,0.0,0,29.1,9.2,18.364516129032257
Mine_B_Chikla,21.517,79.75,2016,1,0.9,0,32.2,8.4,20.90322580645161
Mine_B_Chikla,21.517,79.75,2016,2,9.5,1,34.4,14.8,25.39655172413793
Mine_B_Chikla,21.517,79.75,2016,3,37.5,3,38.0,18.9,27.916129032258063
Mine_B_Chikla,21.517,79.75,2016,4,11.2,1,42.6,22.3,33.4
Mine_B_Chikla,21.517,79.75,2016,5,6.9,0,44.8,25.2,34.66129032258065
Mine_B_Chikla,21.517,79.75,2016,6,149.8,11,42.3,24.4,31.96333333333333
Mine_B_Chikla,21.517,79.75,2016,7,668.9,27,32.2,23.3,25.86774193548387
Mine_B_Chikla,21.517,79.75,2016,8,283.0,21,32.2,21.7,25.76451612903226
Mine_B_Chikla,21.517,79.75,2016,9,230.8,21,30.8,22.8,26.19333333333333
Mine_B_Chikla,21.517,79.75,2016,10,60.8,6,31.6,16.4,24.98064516129032
Mine_B_Chikla,21.517,79.75,2016,11,0.0,0,30.8,13.1,22.4
Mine_B_Chikla,21.517,79.75,2016,12,0.0,0,29.4,11.3,20.451612903225808
Mine_B_Chikla,21.517,79.75,2017,1,2.0,0,30.6,10.9,20.44193548387097
Mine_B_Chikla,21.517,79.75,2017,2,1.2,0,34.5,14.6,24.085714285714285
Mine_B_Chikla,21.517,79.75,2017,3,5.699999999999999,1,41.2,16.5,27.91935483870968
Mine_B_Chikla,21.517,79.75,2017,4,0.1,0,43.1,22.4,33.32
Mine_B_Chikla,21.517,79.75,2017,5,24.0,5,44.1,25.8,34.88387096774194
Mine_B_Chikla,21.517,79.75,2017,6,135.3,12,40.8,24.8,30.80666666666667
Mine_B_Chikla,21.517,79.75,2017,7,310.90000000000003,23,33.9,23.2,26.59354838709677
Mine_B_Chikla,21.517,79.75,2017,8,272.9,18,32.0,22.9,26.74516129032258
Mine_B_Chikla,21.517,79.75,2017,9,164.8,14,33.8,21.6,26.91
Mine_B_Chikla,21.517,79.75,2017,10,97.3,8,34.1,16.3,26.080645161290324
Mine_B_Chikla,21.517,79.75,2017,11,0.5,0,31.0,13.5,23.043333333333333
Mine_B_Chikla,21.517,79.75,2017,12,0.0,0,30.3,12.0,20.85483870967742
Mine_B_Chikla,21.517,79.75,2018,1,0.0,0,31.8,11.4,20.13870967741936
Mine_B_Chikla,21.517,79.75,2018,2,22.6,2,35.1,13.3,23.5
Mine_B_Chikla,21.517,79.75,2018,3,5.3,0,40.3,17.4,28.370967741935484
Mine_B_Chikla,21.517,79.75,2018,4,7.9,0,42.6,21.3,31.48
Mine_B_Chikla,21.517,79.75,2018,5,2.0,0,43.4,26.0,35.012903225806454
Mine_B_Chikla,21.517,79.75,2018,6,189.9,10,40.8,23.4,30.16
Mine_B_Chikla,21.517,79.75,2018,7,601.4,22,32.1,23.0,26.51935483870968
Mine_B_Chikla,21.517,79.75,2018,8,533.0,22,31.9,22.8,26.200000000000003
Mine_B_Chikla,21.517,79.75,2018,9,105.7,7,33.9,21.2,26.40666666666667
Mine_B_Chikla,21.517,79.75,2018,10,0.2,0,34.2,17.6,26.461290322580645
Mine_B_Chikla,21.517,79.75,2018,11,0.3,0,31.9,13.9,23.57
Mine_B_Chikla,21.517,79.75,2018,12,19.6,3,28.1,7.9,19.05161290322581
Mine_B_Chikla,21.517,79.75,2019,1,35.8,3,29.7,8.1,18.851612903225806
Mine_B_Chikla,21.517,79.75,2019,2,3.9,0,34.2,10.1,22.335714285714285
Mine_B_Chikla,21.517,79.75,2019,3,11.9,2,40.2,16.1,27.23548387096774
Mine_B_Chikla,21.517,79.75,2019,4,1.9,0,44.0,22.1,32.35
Mine_B_Chikla,21.517,79.75,2019,5,0.1,0,44.6,26.1,35.86129032258064
Mine_B_Chikla,21.517,79.75,2019,6,120.3,8,44.9,24.8,33.79666666666667
Mine_B_Chikla,21.517,79.75,2019,7,535.2,21,35.3,23.1,27.651612903225807
Mine_B_Chikla,21.517,79.75,2019,8,418.8,24,32.0,23.1,26.164516129032258
Mine_B_Chikla,21.517,79.75,2019,9,433.1,28,31.0,22.8,25.86
Mine_B_Chikla,21.517,79.75,2019,10,58.5,6,32.4,19.4,25.4741935483871
Mine_B_Chikla,21.517,79.75,2019,11,1.0,0,31.5,16.0,23.78
Mine_B_Chikla,21.517,79.75,2019,12,28.2,3,29.4,7.2,20.08709677419355
Mine_B_Chikla,21.517,79.75,2020,1,37.3,3,29.6,8.4,18.82903225806452
Mine_B_Chikla,21.517,79.75,2020,2,22.9,3,31.8,11.2,21.20689655172414
Mine_B_Chikla,21.517,79.75,2020,3,48.8,6,37.2,16.5,25.32258064516129
Mine_B_Chikla,21.517,79.75,2020,4,8.4,1,39.5,20.7,30.26
Mine_B_Chikla,21.517,79.75,2020,5,3.0,0,44.3,23.7,33.354838709677416
Mine_B_Chikla,21.517,79.75,2020,6,245.0,20,36.9,22.9,28.50333333333333
Mine_B_Chikla,21.517,79.75,2020,7,292.3,24,33.1,23.6,27.251612903225805
Mine_B_Chikla,21.517,79.75,2020,8,809.8,24,32.0,23.2,26.083870967741937
Mine_B_Chikla,21.517,79.75,2020,9,280.0,22,33.1,22.7,27.01
Mine_B_Chikla,21.517,79.75,2020,10,94.2,7,33.6,18.5,26.23225806451613
Mine_B_Chikla,21.517,79.75,2020,11,1.4,0,31.8,13.3,22.813333333333333
Mine_B_Chikla,21.517,79.75,2020,12,0.5,0,29.8,10.5,20.53548387096774
Mine_B_Chikla,21.517,79.75,2021,1,3.4,1,30.4,12.0,21.76451612903226
Mine_B_Chikla,21.517,79.75,2021,2,6.299999999999999,1,34.6,11.1,22.11428571428572
Mine_B_Chikla,21.517,79.75,2021,3,0.6000000000000001,0,39.5,16.0,27.26774193548387
Mine_B_Chikla,21.517,79.75,2021,4,0.3,0,40.8,20.9,30.973333333333336
Mine_B_Chikla,21.517,79.75,2021,5,18.1,2,40.7,23.2,31.851612903225806
Mine_B_Chikla,21.517,79.75,2021,6,236.7,19,37.9,23.5,28.09333333333333
Mine_B_Chikla,21.517,79.75,2021,7,286.0,21,34.3,23.6,27.141935483870967
Mine_B_Chikla,21.517,79.75,2021,8,234.1,15,32.7,23.3,26.806451612903224
Mine_B_Chikla,21.517,79.75,2021,9,378.4,25,31.6,22.5,25.99333333333333
Mine_B_Chikla,21.517,79.75,2021,10,51.8,7,33.6,16.9,25.88064516129032
Mine_B_Chikla,21.517,79.75,2021,11,8.9,1,31.6,14.1,24.096666666666668
Mine_B_Chikla,21.517,79.75,2021,12,26.6,2,30.2,8.9,20.361290322580647
Mine_B_Chikla,21.517,79.75,2022,1,23.8,2,28.4,9.2,18.248387096774195
Mine_B_Chikla,21.517,79.75,2022,2,1.0,0,32.5,10.1,21.582142857142856
Mine_B_Chikla,21.517,79.75,2022,3,0.0,0,40.9,17.8,28.55483870967742
Mine_B_Chikla,21.517,79.75,2022,4,0.4,0,44.4,22.6,33.68
Mine_B_Chikla,21.517,79.75,2022,5,2.5,0,43.7,25.4,34.63548387096775
Mine_B_Chikla,21.517,79.75,2022,6,189.3,14,44.6,22.9,31.53666666666667
Mine_B_Chikla,21.517,79.75,2022,7,720.0,30,32.8,22.9,25.89354838709677
Mine_B_Chikla,21.517,79.75,2022,8,525.9,23,32.9,22.6,26.27741935483871
Mine_B_Chikla,21.517,79.75,2022,9,237.3,22,32.9,21.9,26.273333333333333
Mine_B_Chikla,21.517,79.75,2022,10,162.8,12,32.4,15.3,24.52258064516129
Mine_B_Chikla,21.517,79.75,2022,11,0.0,0,31.6,12.6,21.723333333333336
Mine_B_Chikla,21.517,79.75,2022,12,11.9,1,31.5,13.1,21.82903225806452
Mine_B_Chikla,21.517,79.75,2023,1,0.4,0,30.9,10.6,20.958064516129035
Mine_B_Chikla,21.517,79.75,2023,2,0.0,0,35.6,12.1,23.710714285714285
Mine_B_Chikla,21.517,79.75,2023,3,25.8,4,37.4,16.0,26.583870967741937
Mine_B_Chikla,21.517,79.75,2023,4,99.8,7,41.1,20.0,28.916666666666668
Mine_B_Chikla,21.517,79.75,2023,5,45.3,3,41.6,19.8,30.9
Mine_B_Chikla,21.517,79.75,2023,6,186.7,8,41.7,24.2,32.086666666666666
Mine_B_Chikla,21.517,79.75,2023,7,628.8,28,34.0,23.8,27.23225806451613
Mine_B_Chikla,21.517,79.75,2023,8,271.1,12,33.1,22.3,27.135483870967743
Mine_B_Chikla,21.517,79.75,2023,9,379.3,22,34.4,22.9,26.61
Mine_B_Chikla,21.517,79.75,2023,10,3.9,0,35.5,16.9,26.258064516129032
Mine_B_Chikla,21.517,79.75,2023,11,14.5,2,32.4,16.4,23.706666666666667
Mine_B_Chikla,21.517,79.75,2023,12,9.8,1,30.0,12.5,20.56774193548388
Mine_B_Chikla,21.517,79.75,2024,1,30.1,2,30.0,10.4,20.90967741935484
Mine_B_Chikla,21.517,79.75,2024,2,80.10000000000001,6,34.2,14.3,23.589655172413792
Mine_B_Chikla,21.517,79.75,2024,3,41.5,3,40.3,15.7,27.141935483870967
Mine_B_Chikla,21.517,79.75,2024,4,30.5,3,41.4,19.9,30.473333333333336
Mine_B_Chikla,21.517,79.75,2024,5,12.7,1,43.8,21.7,32.622580645161285
Mine_B_Chikla,21.517,79.75,2024,6,185.0,16,42.0,24.3,30.74
Mine_B_Chikla,21.517,79.75,2024,7,596.8,29,32.6,23.4,26.770967741935483
Mine_B_Chikla,21.517,79.75,2024,8,379.9,24,32.6,23.1,26.061290322580643
Mine_B_Chikla,21.517,79.75,2024,9,349.2,19,32.8,22.0,26.49
Mine_B_Chikla,21.517,79.75,2024,10,48.1,5,34.5,20.7,26.81935483870968
Mine_B_Chikla,21.517,79.75,2024,11,0.0,0,33.5,13.7,22.76333333333333
Mine_B_Chikla,21.517,79.75,2024,12,2.9,0,31.3,10.7,21.5
Mine_B_Chikla,21.517,79.75,2025,1,0.1,0,32.6,10.2,20.58709677419355
Mine_B_Chikla,21.517,79.75,2025,2,0.0,0,35.5,15.3,25.62857142857143
Mine_B_Chikla,21.517,79.75,2025,3,0.1,0,40.9,16.5,29.17419354838709
Mine_B_Chikla,21.517,79.75,2025,4,10.6,1,43.1,21.7,31.59333333333333
Mine_B_Chikla,21.517,79.75,2025,5,52.1,7,39.5,21.6,30.60322580645161
Mine_B_Chikla,21.517,79.75,2025,6,159.6,11,41.3,22.7,29.33333333333333
Mine_B_Chikla,21.517,79.75,2025,7,682.0,24,33.1,22.6,26.12903225806452
Mine_B_Chikla,21.517,79.75,2025,8,325.1,22,33.0,23.0,26.42258064516129
Mine_B_Chikla,21.517,79.75,2025,9,291.1,20,32.8,21.9,26.28
Mine_B_Chikla,21.517,79.75,2025,10,100.4,10,32.2,19.2,25.541935483870965
Mine_B_Chikla,21.517,79.75,2025,11,2.9000000000000004,0,31.7,13.0,21.626666666666665
Mine_B_Chikla,21.517,79.75,2025,12,0.0,0,29.2,10.0,19.21935483870968
Mine_C_Munsar,21.389,79.287,2016,1,0.6,0,32.4,9.2,21.45483870967742
Mine_C_Munsar,21.389,79.287,2016,2,6.3,1,34.5,15.9,25.679310344827588
Mine_C_Munsar,21.389,79.287,2016,3,18.0,2,38.5,20.1,28.616129032258065
Mine_C_Munsar,21.389,79.287,2016,4,5.5,0,43.0,22.7,34.10666666666667
Mine_C_Munsar,21.389,79.287,2016,5,9.1,0,44.5,25.7,35.10967741935484
Mine_C_Munsar,21.389,79.287,2016,6,188.1,12,42.6,24.8,32.31333333333333
Mine_C_Munsar,21.389,79.287,2016,7,774.7,27,32.3,23.7,26.161290322580644
Mine_C_Munsar,21.389,79.287,2016,8,289.3,18,32.4,22.0,26.13225806451613
Mine_C_Munsar,21.389,79.287,2016,9,260.4,22,31.0,22.9,26.55666666666667
Mine_C_Munsar,21.389,79.287,2016,10,53.9,7,32.2,17.5,25.396774193548385
Mine_C_Munsar,21.389,79.287,2016,11,0.0,0,31.2,14.0,22.80666666666667
Mine_C_Munsar,21.389,79.287,2016,12,0.0,0,29.7,12.1,20.90967741935484
Mine_C_Munsar,21.389,79.287,2017,1,1.5,0,30.8,11.5,20.925806451612903
Mine_C_Munsar,21.389,79.287,2017,2,4.3,1,35.4,15.0,24.807142857142857
Mine_C_Munsar,21.389,79.287,2017,3,13.0,1,41.8,18.0,28.693548387096776
Mine_C_Munsar,21.389,79.287,2017,4,0.3,0,44.2,23.4,34.06333333333333
Mine_C_Munsar,21.389,79.287,2017,5,18.0,2,43.9,25.4,35.39032258064516
Mine_C_Munsar,21.389,79.287,2017,6,150.3,16,41.8,25.2,31.293333333333333
Mine_C_Munsar,21.389,79.287,2017,7,236.5,21,34.1,23.6,26.780645161290323
Mine_C_Munsar,21.389,79.287,2017,8,269.8,18,31.7,22.8,26.793548387096774
Mine_C_Munsar,21.389,79.287,2017,9,194.6,17,33.9,22.0,27.11
Mine_C_Munsar,21.389,79.287,2017,10,104.7,11,34.4,17.0,26.154838709677417
Mine_C_Munsar,21.389,79.287,2017,11,0.2,0,31.3,14.6,23.35
Mine_C_Munsar,21.389,79.287,2017,12,0.0,0,30.3,12.0,21.30967741935484
Mine_C_Munsar,21.389,79.287,2018,1,0.0,0,32.6,12.3,20.8
Mine_C_Munsar,21.389,79.287,2018,2,21.5,2,35.7,13.7,24.185714285714287
Mine_C_Munsar,21.389,79.287,2018,3,3.2,0,40.3,18.0,29.06451612903226
Mine_C_Munsar,21.389,79.287,2018,4,11.7,2,42.9,22.2,32.303333333333335
Mine_C_Munsar,21.389,79.287,2018,5,5.6,0,44.8,26.5,35.86774193548387
Mine_C_Munsar,21.389,79.287,2018,6,180.1,13,41.9,23.4,30.386666666666667
Mine_C_Munsar,21.389,79.287,2018,7,556.1,24,31.5,23.3,26.58709677419355
Mine_C_Munsar,21.389,79.287,2018,8,630.3,20,31.6,23.2,26.287096774193547
Mine_C_Munsar,21.389,79.287,2018,9,124.2,8,34.1,21.4,26.49333333333333
Mine_C_Munsar,21.389,79.287,2018,10,0.3,0,35.2,18.2,27.06774193548388
Mine_C_Munsar,21.389,79.287,2018,11,0.6,0,32.4,14.7,24.136666666666667
Mine_C_Munsar,21.389,79.287,2018,12,23.4,3,28.5,8.5,19.490322580645163
Mine_C_Munsar,21.389,79.287,2019,1,29.0,3,30.4,8.5,19.59032258064516
Mine_C_Munsar,21.389,79.287,2019,2,2.5,0,35.6,11.1,23.36785714285714
Mine_C_Munsar,21.389,79.287,2019,3,5.3,0,40.8,17.2,28.164516129032258
Mine_C_Munsar,21.389,79.287,2019,4,0.7000000000000001,0,44.1,23.5,33.16
Mine_C_Munsar,21.389,79.287,2019,5,0.0,0,44.7,26.2,36.55483870967742
Mine_C_Munsar,21.389,79.287,2019,6,83.6,5,44.7,25.3,34.43666666666666
Mine_C_Munsar,21.389,79.287,2019,7,575.3,21,35.3,23.6,27.89032258064516
Mine_C_Munsar,21.389,79.287,2019,8,384.7,22,31.6,23.4,26.36774193548387
Mine_C_Munsar,21.389,79.287,2019,9,421.0,28,30.6,23.1,26.07333333333333
Mine_C_Munsar,21.389,79.287,2019,10,59.8,6,32.4,20.4,25.75483870967742
Mine_C_Munsar,21.389,79.287,2019,11,1.0,0,32.0,16.7,24.34
Mine_C_Munsar,21.389,79.287,2019,12,27.3,3,29.9,7.9,20.816129032258065
Mine_C_Munsar,21.389,79.287,2020,1,44.3,3,30.3,8.9,19.40322580645161
Mine_C_Munsar,21.389,79.287,2020,2,19.8,3,32.5,11.2,21.6896551724138
Mine_C_Munsar,21.389,79.287,2020,3,29.4,4,37.8,17.7,26.251612903225805
Mine_C_Munsar,21.389,79.287,2020,4,1.7999999999999998,0,39.9,21.3,31.126666666666665
Mine_C_Munsar,21.389,79.287,2020,5,2.0,0,44.5,25.3,34.31612903225806
Mine_C_Munsar,21.389,79.287,2020,6,212.7,14,38.0,23.1,28.85
Mine_C_Munsar,21.389,79.287,2020,7,277.2,21,32.8,23.9,27.41290322580645
Mine_C_Munsar,21.389,79.287,2020,8,700.3,25,32.0,23.3,26.200000000000003
Mine_C_Munsar,21.389,79.287,2020,9,248.7,21,33.1,23.3,27.24333333333333
Mine_C_Munsar,21.389,79.287,2020,10,77.2,8,33.9,18.6,26.374193548387098
Mine_C_Munsar,21.389,79.287,2020,11,2.0,0,32.3,14.4,23.44333333333333
Mine_C_Munsar,21.389,79.287,2020,12,0.0,0,30.2,11.0,21.26129032258065
Mine_C_Munsar,21.389,79.287,2021,1,1.4,0,31.1,12.2,22.45483870967742
Mine_C_Munsar,21.389,79.287,2021,2,6.2,2,35.2,12.2,22.97142857142857
Mine_C_Munsar,21.389,79.287,2021,3,0.8,0,40.1,17.0,28.029032258064515
Mine_C_Munsar,21.389,79.287,2021,4,0.8,0,41.0,21.0,31.486666666666668
Mine_C_Munsar,21.389,79.287,2021,5,17.4,4,41.1,23.5,32.55161290322581
Mine_C_Munsar,21.389,79.287,2021,6,213.6,19,38.1,24.0,28.40666666666667
Mine_C_Munsar,21.389,79.287,2021,7,328.9,19,35.0,23.7,27.23225806451613
Mine_C_Munsar,21.389,79.287,2021,8,261.6,15,33.1,23.4,26.9741935483871
Mine_C_Munsar,21.389,79.287,2021,9,365.2,27,31.4,22.6,26.19333333333333
Mine_C_Munsar,21.389,79.287,2021,10,71.2,8,33.8,16.8,25.887096774193548
Mine_C_Munsar,21.389,79.287,2021,11,15.5,2,31.7,15.1,24.40666666666667
Mine_C_Munsar,21.389,79.287,2021,12,38.1,1,30.3,9.1,20.887096774193548
Mine_C_Munsar,21.389,79.287,2022,1,26.3,2,28.3,8.9,18.687096774193545
Mine_C_Munsar,21.389,79.287,2022,2,6.0,1,33.3,11.0,22.178571428571427
Mine_C_Munsar,21.389,79.287,2022,3,0.0,0,41.0,18.5,28.951612903225808
Mine_C_Munsar,21.389,79.287,2022,4,0.2,0,44.4,23.4,34.193333333333335
Mine_C_Munsar,21.389,79.287,2022,5,1.3,0,43.6,26.2,35.18387096774194
Mine_C_Munsar,21.389,79.287,2022,6,165.4,14,44.8,23.0,31.73333333333333
Mine_C_Munsar,21.389,79.287,2022,7,812.7,28,31.7,23.0,26.09354838709677
Mine_C_Munsar,21.389,79.287,2022,8,523.9,23,32.3,22.5,26.46451612903226
Mine_C_Munsar,21.389,79.287,2022,9,271.5,20,32.6,22.0,26.446666666666665
Mine_C_Munsar,21.389,79.287,2022,10,149.7,12,33.0,15.2,24.62258064516129
Mine_C_Munsar,21.389,79.287,2022,11,0.0,0,31.8,13.0,21.98
Mine_C_Munsar,21.389,79.287,2022,12,9.0,1,31.4,13.8,22.41935483870968
Mine_C_Munsar,21.389,79.287,2023,1,0.0,0,31.0,10.9,21.42258064516129
Mine_C_Munsar,21.389,79.287,2023,2,0.0,0,35.4,12.2,24.164285714285715
Mine_C_Munsar,21.389,79.287,2023,3,27.0,3,38.1,16.6,26.93548387096774
Mine_C_Munsar,21.389,79.287,2023,4,127.5,7,41.7,21.0,29.32333333333333
Mine_C_Munsar,21.389,79.287,2023,5,41.3,3,42.2,20.4,31.30967741935484
Mine_C_Munsar,21.389,79.287,2023,6,149.3,8,42.9,24.7,32.516666666666666
Mine_C_Munsar,21.389,79.287,2023,7,619.8,27,33.6,23.8,27.33870967741936
Mine_C_Munsar,21.389,79.287,2023,8,217.3,10,33.1,22.1,27.18387096774193
Mine_C_Munsar,21.389,79.287,2023,9,429.1,22,34.5,22.8,26.723333333333336
Mine_C_Munsar,21.389,79.287,2023,10,5.7,1,35.6,17.2,26.56451612903226
Mine_C_Munsar,21.389,79.287,2023,11,13.5,3,32.7,16.7,24.25333333333333
Mine_C_Munsar,21.389,79.287,2023,12,9.5,1,30.7,13.0,21.18064516129032
Mine_C_Munsar,21.389,79.287,2024,1,21.4,2,30.0,11.5,21.62903225806452
Mine_C_Munsar,21.389,79.287,2024,2,33.9,4,33.8,15.4,24.079310344827583
Mine_C_Munsar,21.389,79.287,2024,3,27.8,3,40.7,16.2,28.193548387096776
Mine_C_Munsar,21.389,79.287,2024,4,9.1,0,42.3,20.6,31.35666666666667
Mine_C_Munsar,21.389,79.287,2024,5,19.7,3,45.9,23.0,34.20322580645161
Mine_C_Munsar,21.389,79.287,2024,6,203.6,16,44.4,24.6,31.476666666666667
Mine_C_Munsar,21.389,79.287,2024,7,562.2,31,32.7,23.6,26.916129032258063
Mine_C_Munsar,21.389,79.287,2024,8,371.4,22,32.5,23.2,26.274193548387096
Mine_C_Munsar,21.389,79.287,2024,9,348.0,17,32.5,22.3,26.71333333333333
Mine_C_Munsar,21.389,79.287,2024,10,52.5,7,35.1,21.3,27.029032258064515
Mine_C_Munsar,21.389,79.287,2024,11,0.0,0,33.5,14.1,23.016666666666666
Mine_C_Munsar,21.389,79.287,2024,12,5.699999999999999,1,30.5,10.6,21.64516129032258
Mine_C_Munsar,21.389,79.287,2025,1,0.2,0,32.3,10.9,21.029032258064515
Mine_C_Munsar,21.389,79.287,2025,2,0.0,0,35.4,15.9,25.81428571428572
Mine_C_Munsar,21.389,79.287,2025,3,0.5,0,42.3,17.7,29.787096774193547
Mine_C_Munsar,21.389,79.287,2025,4,8.4,1,44.1,23.0,32.74333333333333
Mine_C_Munsar,21.389,79.287,2025,5,80.2,6,40.2,23.2,31.33870967741936
Mine_C_Munsar,21.389,79.287,2025,6,160.0,12,42.0,23.6,30.08333333333333
Mine_C_Munsar,21.389,79.287,2025,7,540.3,21,33.0,23.1,26.71935483870968
Mine_C_Munsar,21.389,79.287,2025,8,290.4,23,32.7,23.4,26.835483870967742
Mine_C_Munsar,21.389,79.287,2025,9,309.7,22,33.2,22.3,26.59333333333333
Mine_C_Munsar,21.389,79.287,2025,10,97.4,9,31.8,20.2,25.861290322580647
Mine_C_Munsar,21.389,79.287,2025,11,2.7,0,30.8,13.2,21.703333333333333
Mine_C_Munsar,21.389,79.287,2025,12,0.0,0,28.9,10.5,19.141935483870967
Mine_D_Balaghat,21.85,80.228,2016,1,1.1,0,31.9,6.9,20.164516129032258
Mine_D_Balaghat,21.85,80.228,2016,2,6.6000000000000005,1,34.5,11.7,24.95862068965517
Mine_D_Balaghat,21.85,80.228,2016,3,23.5,2,39.6,17.3,28.074193548387097
Mine_D_Balaghat,21.85,80.228,2016,4,6.8,1,42.7,21.9,33.42333333333333
Mine_D_Balaghat,21.85,80.228,2016,5,7.199999999999999,0,45.0,25.4,34.36129032258064
Mine_D_Balaghat,21.85,80.228,2016,6,155.9,11,42.9,24.2,31.82
Mine_D_Balaghat,21.85,80.228,2016,7,685.4,29,31.8,23.0,25.88387096774193
Mine_D_Balaghat,21.85,80.228,2016,8,333.3,21,32.2,21.1,25.50967741935484
Mine_D_Balaghat,21.85,80.228,2016,9,250.3,21,31.1,22.5,26.016666666666666
Mine_D_Balaghat,21.85,80.228,2016,10,44.2,5,31.5,15.2,24.5
Mine_D_Balaghat,21.85,80.228,2016,11,0.3,0,30.4,11.7,21.58333333333333
Mine_D_Balaghat,21.85,80.228,2016,12,0.0,0,30.0,9.4,19.48709677419355
Mine_D_Balaghat,21.85,80.228,2017,1,1.4,0,30.2,9.8,20.05483870967742
Mine_D_Balaghat,21.85,80.228,2017,2,1.9,0,35.1,14.1,23.860714285714288
Mine_D_Balaghat,21.85,80.228,2017,3,0.2,0,41.4,16.7,27.93548387096774
Mine_D_Balaghat,21.85,80.228,2017,4,0.3,0,43.5,21.3,33.11333333333333
Mine_D_Balaghat,21.85,80.228,2017,5,14.8,2,43.7,25.5,34.18709677419355
Mine_D_Balaghat,21.85,80.228,2017,6,211.9,13,41.6,24.0,30.566666666666663
Mine_D_Balaghat,21.85,80.228,2017,7,460.2,26,33.1,23.2,26.200000000000003
Mine_D_Balaghat,21.85,80.228,2017,8,477.1,23,32.0,22.8,26.56451612903226
Mine_D_Balaghat,21.85,80.228,2017,9,181.8,15,33.2,21.8,26.78333333333333
Mine_D_Balaghat,21.85,80.228,2017,10,77.4,10,33.5,15.8,25.770967741935483
Mine_D_Balaghat,21.85,80.228,2017,11,1.1,0,31.1,12.7,22.40333333333333
Mine_D_Balaghat,21.85,80.228,2017,12,0.0,0,30.0,11.0,20.11290322580645
Mine_D_Balaghat,21.85,80.228,2018,1,0.0,0,31.1,9.4,19.248387096774195
Mine_D_Balaghat,21.85,80.228,2018,2,21.5,2,34.9,12.7,22.967857142857145
Mine_D_Balaghat,21.85,80.228,2018,3,2.8,0,40.2,17.6,28.12258064516129
Mine_D_Balaghat,21.85,80.228,2018,4,16.8,2,41.7,21.6,31.266666666666666
Mine_D_Balaghat,21.85,80.228,2018,5,12.6,1,42.6,26.0,34.07741935483871
Mine_D_Balaghat,21.85,80.228,2018,6,197.0,13,39.5,23.8,29.82
Mine_D_Balaghat,21.85,80.228,2018,7,534.8,27,31.4,22.9,26.396774193548385
Mine_D_Balaghat,21.85,80.228,2018,8,517.1,27,32.5,22.9,25.94516129032258
Mine_D_Balaghat,21.85,80.228,2018,9,131.2,9,33.3,20.4,26.173333333333336
Mine_D_Balaghat,21.85,80.228,2018,10,0.7000000000000001,0,35.1,17.0,26.19032258064516
Mine_D_Balaghat,21.85,80.228,2018,11,0.4,0,31.8,13.2,23.00333333333333
Mine_D_Balaghat,21.85,80.228,2018,12,29.700000000000003,3,28.0,6.9,18.41935483870968
Mine_D_Balaghat,21.85,80.228,2019,1,32.6,3,30.1,7.4,18.61935483870968
Mine_D_Balaghat,21.85,80.228,2019,2,4.6000000000000005,1,34.8,9.8,22.207142857142856
Mine_D_Balaghat,21.85,80.228,2019,3,28.7,1,40.7,15.2,26.83225806451613
Mine_D_Balaghat,21.85,80.228,2019,4,0.9,0,43.6,21.5,31.97
Mine_D_Balaghat,21.85,80.228,2019,5,0.1,0,43.8,24.6,35.33870967741935
Mine_D_Balaghat,21.85,80.228,2019,6,142.3,10,44.4,24.8,33.333333333333336
Mine_D_Balaghat,21.85,80.228,2019,7,487.7,22,34.2,23.5,27.241935483870968
Mine_D_Balaghat,21.85,80.228,2019,8,523.5,28,32.0,22.9,26.083870967741937
Mine_D_Balaghat,21.85,80.228,2019,9,566.1,28,31.4,22.2,25.846666666666668
Mine_D_Balaghat,21.85,80.228,2019,10,52.4,8,32.2,18.2,24.98709677419355
Mine_D_Balaghat,21.85,80.228,2019,11,0.3,0,30.9,15.0,23.146666666666665
Mine_D_Balaghat,21.85,80.228,2019,12,21.7,3,28.8,6.6,19.387096774193548
Mine_D_Balaghat,21.85,80.228,2020,1,37.5,5,29.0,7.2,18.154838709677417
Mine_D_Balaghat,21.85,80.228,2020,2,27.0,3,31.3,9.4,20.417241379310347
Mine_D_Balaghat,21.85,80.228,2020,3,48.3,7,36.3,16.7,24.82903225806452
Mine_D_Balaghat,21.85,80.228,2020,4,6.4,1,38.8,19.7,29.69333333333333
Mine_D_Balaghat,21.85,80.228,2020,5,0.7000000000000001,0,42.4,21.6,32.0258064516129
Mine_D_Balaghat,21.85,80.228,2020,6,351.4,21,36.6,23.6,28.12333333333333
Mine_D_Balaghat,21.85,80.228,2020,7,322.6,23,32.8,23.4,26.993548387096773
Mine_D_Balaghat,21.85,80.228,2020,8,726.2,28,31.6,23.2,26.048387096774192
Mine_D_Balaghat,21.85,80.228,2020,9,218.8,19,33.2,23.1,27.02
Mine_D_Balaghat,21.85,80.228,2020,10,67.8,8,33.5,18.4,26.074193548387097
Mine_D_Balaghat,21.85,80.228,2020,11,4.4,1,32.3,12.7,23.08
Mine_D_Balaghat,21.85,80.228,2020,12,0.4,0,30.1,10.0,20.60967741935484
Mine_D_Balaghat,21.85,80.228,2021,1,5.3,1,31.0,10.1,21.700000000000003
Mine_D_Balaghat,21.85,80.228,2021,2,9.2,1,33.7,10.3,21.682142857142857
Mine_D_Balaghat,21.85,80.228,2021,3,0.7,0,40.0,14.3,26.90967741935484
Mine_D_Balaghat,21.85,80.228,2021,4,0.4,0,39.8,19.9,30.256666666666668
Mine_D_Balaghat,21.85,80.228,2021,5,32.0,3,40.7,22.1,31.361290322580647
Mine_D_Balaghat,21.85,80.228,2021,6,315.2,21,38.9,23.6,27.936666666666667
Mine_D_Balaghat,21.85,80.228,2021,7,341.1,23,33.1,23.3,26.94516129032258
Mine_D_Balaghat,21.85,80.228,2021,8,258.4,21,32.2,22.6,26.61935483870968
Mine_D_Balaghat,21.85,80.228,2021,9,369.1,25,31.5,22.5,26.08
Mine_D_Balaghat,21.85,80.228,2021,10,46.4,6,33.8,16.9,25.87741935483871
Mine_D_Balaghat,21.85,80.228,2021,11,22.5,2,31.8,12.9,23.423333333333336
Mine_D_Balaghat,21.85,80.228,2021,12,33.1,2,29.5,7.9,19.483870967741936
Mine_D_Balaghat,21.85,80.228,2022,1,13.6,2,27.4,7.4,17.335483870967742
Mine_D_Balaghat,21.85,80.228,2022,2,4.7,0,31.9,9.3,20.77857142857143
Mine_D_Balaghat,21.85,80.228,2022,3,0.4,0,40.2,16.4,27.76774193548387
Mine_D_Balaghat,21.85,80.228,2022,4,0.0,0,43.2,21.9,33.17333333333333
Mine_D_Balaghat,21.85,80.228,2022,5,7.8,1,43.7,23.9,34.141935483870974
Mine_D_Balaghat,21.85,80.228,2022,6,183.6,14,43.9,23.2,30.916666666666668
Mine_D_Balaghat,21.85,80.228,2022,7,602.1,31,31.8,23.0,25.98709677419355
Mine_D_Balaghat,21.85,80.228,2022,8,497.3,24,32.0,22.0,26.10967741935484
Mine_D_Balaghat,21.85,80.228,2022,9,305.1,22,33.2,21.3,25.976666666666667
Mine_D_Balaghat,21.85,80.228,2022,10,139.20000000000002,11,31.8,13.9,24.10322580645161
Mine_D_Balaghat,21.85,80.228,2022,11,0.0,0,31.1,11.9,21.12333333333333
Mine_D_Balaghat,21.85,80.228,2022,12,4.6,1,30.6,11.8,21.241935483870968
Mine_D_Balaghat,21.85,80.228,2023,1,1.5,0,30.9,8.9,20.470967741935485
Mine_D_Balaghat,21.85,80.228,2023,2,0.0,0,34.9,12.3,23.17142857142857
Mine_D_Balaghat,21.85,80.228,2023,3,18.1,4,36.5,16.9,26.125806451612902
Mine_D_Balaghat,21.85,80.228,2023,4,49.5,4,40.4,18.7,28.44333333333333
Mine_D_Balaghat,21.85,80.228,2023,5,25.8,2,41.2,19.5,30.51935483870968
Mine_D_Balaghat,21.85,80.228,2023,6,284.40000000000003,10,41.6,23.5,32.07666666666667
Mine_D_Balaghat,21.85,80.228,2023,7,544.3,28,33.9,23.6,27.13870967741936
Mine_D_Balaghat,21.85,80.228,2023,8,375.8,17,32.7,21.8,26.8483870967742
Mine_D_Balaghat,21.85,80.228,2023,9,332.6,20,34.5,22.4,26.473333333333336
Mine_D_Balaghat,21.85,80.228,2023,10,1.2,0,34.5,16.1,25.574193548387097
Mine_D_Balaghat,21.85,80.228,2023,11,21.9,3,32.4,15.3,22.75333333333333
Mine_D_Balaghat,21.85,80.228,2023,12,16.2,1,30.4,11.0,19.700000000000003
Mine_D_Balaghat,21.85,80.228,2024,1,21.2,2,29.7,8.6,20.18387096774193
Mine_D_Balaghat,21.85,80.228,2024,2,37.5,5,33.3,12.0,22.841379310344827
Mine_D_Balaghat,21.85,80.228,2024,3,39.2,2,39.8,15.8,26.76451612903226
Mine_D_Balaghat,21.85,80.228,2024,4,49.8,5,40.9,19.5,29.74333333333333
Mine_D_Balaghat,21.85,80.228,2024,5,46.3,5,44.2,19.2,31.97096774193548
Mine_D_Balaghat,21.85,80.228,2024,6,225.7,17,42.7,23.6,30.58333333333333
Mine_D_Balaghat,21.85,80.228,2024,7,674.1,31,32.1,23.4,26.661290322580644
Mine_D_Balaghat,21.85,80.228,2024,8,485.3,27,32.1,22.9,25.92903225806452
Mine_D_Balaghat,21.85,80.228,2024,9,357.9,21,33.0,21.7,26.41
Mine_D_Balaghat,21.85,80.228,2024,10,37.5,7,34.0,18.5,26.287096774193547
Mine_D_Balaghat,21.85,80.228,2024,11,0.0,0,32.7,12.7,22.09333333333333
Mine_D_Balaghat,21.85,80.228,2024,12,4.7,0,30.0,8.2,20.596774193548388
Mine_D_Balaghat,21.85,80.228,2025,1,0.5,0,31.6,8.4,19.664516129032258
Mine_D_Balaghat,21.85,80.228,2025,2,0.0,0,34.8,13.8,24.707142857142856
Mine_D_Balaghat,21.85,80.228,2025,3,0.1,0,40.2,15.2,28.59354838709677
Mine_D_Balaghat,21.85,80.228,2025,4,2.5,0,43.3,20.3,31.766666666666666
Mine_D_Balaghat,21.85,80.228,2025,5,32.2,5,40.1,22.2,31.029032258064515
Mine_D_Balaghat,21.85,80.228,2025,6,248.8,14,42.0,23.4,29.38
Mine_D_Balaghat,21.85,80.228,2025,7,694.8,27,33.1,22.8,26.238709677419354
Mine_D_Balaghat,21.85,80.228,2025,8,355.4,23,32.9,23.1,26.596774193548388
Mine_D_Balaghat,21.85,80.228,2025,9,296.4,22,32.8,22.6,26.44333333333333
Mine_D_Balaghat,21.85,80.228,2025,10,99.2,10,32.1,18.0,25.42903225806452
Mine_D_Balaghat,21.85,80.228,2025,11,1.4,0,30.3,11.4,20.926666666666662
Mine_D_Balaghat,21.85,80.228,2025,12,0.0,0,28.6,8.9,18.216129032258067
Mine_E_Kandri,21.4,79.267,2016,1,0.0,0,32.8,9.1,21.55161290322581
Mine_E_Kandri,21.4,79.267,2016,2,2.2,0,34.9,15.1,25.77586206896552
Mine_E_Kandri,21.4,79.267,2016,3,18.6,2,38.9,20.1,28.84193548387097
Mine_E_Kandri,21.4,79.267,2016,4,5.3,0,43.5,23.5,34.54333333333333
Mine_E_Kandri,21.4,79.267,2016,5,5.0,0,44.0,25.0,35.190322580645166
Mine_E_Kandri,21.4,79.267,2016,6,206.6,11,42.6,24.8,32.24666666666666
Mine_E_Kandri,21.4,79.267,2016,7,700.8,27,31.8,23.6,26.074193548387097
Mine_E_Kandri,21.4,79.267,2016,8,325.9,18,31.8,22.0,26.14516129032258
Mine_E_Kandri,21.4,79.267,2016,9,270.8,20,30.7,22.6,26.433333333333334
Mine_E_Kandri,21.4,79.267,2016,10,44.4,6,32.4,17.3,25.335483870967742
Mine_E_Kandri,21.4,79.267,2016,11,0.0,0,31.1,13.4,22.613333333333333
Mine_E_Kandri,21.4,79.267,2016,12,0.0,0,29.6,11.2,20.541935483870965
Mine_E_Kandri,21.4,79.267,2017,1,1.8,0,31.1,10.5,20.62258064516129
Mine_E_Kandri,21.4,79.267,2017,2,0.1,0,35.8,15.3,24.81428571428572
Mine_E_Kandri,21.4,79.267,2017,3,1.9,0,41.8,17.3,28.72903225806452
Mine_E_Kandri,21.4,79.267,2017,4,0.4,0,44.1,22.4,34.10333333333333
Mine_E_Kandri,21.4,79.267,2017,5,12.6,1,44.6,25.7,35.67741935483871
Mine_E_Kandri,21.4,79.267,2017,6,127.0,14,41.5,25.1,31.386666666666667
Mine_E_Kandri,21.4,79.267,2017,7,261.8,19,34.3,23.7,27.01935483870968
Mine_E_Kandri,21.4,79.267,2017,8,279.5,19,31.9,23.8,26.85806451612904
Mine_E_Kandri,21.4,79.267,2017,9,173.0,14,33.0,22.3,27.08
Mine_E_Kandri,21.4,79.267,2017,10,76.3,11,33.9,17.5,25.993548387096773
Mine_E_Kandri,21.4,79.267,2017,11,0.6000000000000001,0,30.6,13.2,23.116666666666667
Mine_E_Kandri,21.4,79.267,2017,12,0.0,0,30.2,11.2,21.01290322580645
Mine_E_Kandri,21.4,79.267,2018,1,0.0,0,31.9,11.1,20.22903225806452
Mine_E_Kandri,21.4,79.267,2018,2,23.7,2,34.6,13.0,23.225
Mine_E_Kandri,21.4,79.267,2018,3,5.0,0,40.1,17.6,28.461290322580645
Mine_E_Kandri,21.4,79.267,2018,4,11.6,2,42.8,22.3,32.17333333333333
Mine_E_Kandri,21.4,79.267,2018,5,2.0,0,44.1,26.2,35.96774193548387
Mine_E_Kandri,21.4,79.267,2018,6,164.3,15,41.7,23.7,30.33
Mine_E_Kandri,21.4,79.267,2018,7,404.9,25,32.1,23.6,26.71935483870968
Mine_E_Kandri,21.4,79.267,2018,8,389.6,18,31.9,22.9,26.30967741935484
Mine_E_Kandri,21.4,79.267,2018,9,132.2,8,32.9,21.2,26.423333333333336
Mine_E_Kandri,21.4,79.267,2018,10,0.3,0,34.5,17.8,26.44516129032258
Mine_E_Kandri,21.4,79.267,2018,11,1.3,0,32.4,13.9,23.816666666666663
Mine_E_Kandri,21.4,79.267,2018,12,19.1,3,28.8,8.6,19.41290322580645
Mine_E_Kandri,21.4,79.267,2019,1,23.9,2,30.2,8.2,19.22903225806452
Mine_E_Kandri,21.4,79.267,2019,2,1.4,0,35.7,10.8,23.317857142857143
Mine_E_Kandri,21.4,79.267,2019,3,6.2,1,40.5,17.0,28.23225806451613
Mine_E_Kandri,21.4,79.267,2019,4,1.4,0,44.4,22.9,33.47
Mine_E_Kandri,21.4,79.267,2019,5,0.0,0,45.4,27.2,36.79354838709677
Mine_E_Kandri,21.4,79.267,2019,6,73.7,6,45.3,24.6,34.63666666666666
Mine_E_Kandri,21.4,79.267,2019,7,512.1,19,35.6,23.5,28.061290322580643
Mine_E_Kandri,21.4,79.267,2019,8,418.9,21,31.9,23.2,26.33225806451613
Mine_E_Kandri,21.4,79.267,2019,9,356.5,27,30.6,22.9,26.05666666666667
Mine_E_Kandri,21.4,79.267,2019,10,45.6,5,31.9,19.8,25.725806451612904
Mine_E_Kandri,21.4,79.267,2019,11,3.8,0,31.8,16.3,24.0
Mine_E_Kandri,21.4,79.267,2019,12,28.5,5,29.6,7.7,20.47741935483871
Mine_E_Kandri,21.4,79.267,2020,1,50.8,4,30.1,8.9,19.296774193548387
Mine_E_Kandri,21.4,79.267,2020,2,11.6,2,32.7,11.7,21.686206896551724
Mine_E_Kandri,21.4,79.267,2020,3,14.1,1,37.7,17.8,26.687096774193545
Mine_E_Kandri,21.4,79.267,2020,4,0.5,0,41.0,22.5,32.13
Mine_E_Kandri,21.4,79.267,2020,5,0.3,0,44.8,25.3,35.00967741935484
Mine_E_Kandri,21.4,79.267,2020,6,238.8,16,37.4,23.4,28.826666666666664
Mine_E_Kandri,21.4,79.267,2020,7,294.0,22,33.0,23.7,27.51290322580645
Mine_E_Kandri,21.4,79.267,2020,8,691.6,24,32.3,23.0,26.20967741935484
Mine_E_Kandri,21.4,79.267,2020,9,278.6,25,32.4,23.3,27.19333333333333
Mine_E_Kandri,21.4,79.267,2020,10,82.6,9,33.4,18.7,26.31290322580645
Mine_E_Kandri,21.4,79.267,2020,11,1.4,0,32.3,13.8,23.22
Mine_E_Kandri,21.4,79.267,2020,12,0.3,0,30.3,10.7,21.241935483870968
Mine_E_Kandri,21.4,79.267,2021,1,1.1,0,31.9,12.1,22.64516129032258
Mine_E_Kandri,21.4,79.267,2021,2,2.7,0,35.8,11.8,23.135714285714283
Mine_E_Kandri,21.4,79.267,2021,3,0.3,0,40.5,17.1,28.216129032258067
Mine_E_Kandri,21.4,79.267,2021,4,0.9,0,41.8,21.5,31.85333333333333
Mine_E_Kandri,21.4,79.267,2021,5,12.1,2,41.0,23.8,32.76129032258065
Mine_E_Kandri,21.4,79.267,2021,6,175.3,18,38.1,24.0,28.58333333333333
Mine_E_Kandri,21.4,79.267,2021,7,431.3,18,34.6,23.7,27.280645161290323
Mine_E_Kandri,21.4,79.267,2021,8,203.9,12,32.2,23.4,26.93870967741936
Mine_E_Kandri,21.4,79.267,2021,9,312.2,26,31.2,22.4,26.176666666666662
Mine_E_Kandri,21.4,79.267,2021,10,55.4,8,32.8,16.1,25.6483870967742
Mine_E_Kandri,21.4,79.267,2021,11,16.2,2,32.0,14.5,24.176666666666662
Mine_E_Kandri,21.4,79.267,2021,12,11.6,1,29.7,9.0,20.738709677419354
Mine_E_Kandri,21.4,79.267,2022,1,28.3,3,29.2,9.1,18.90322580645161
Mine_E_Kandri,21.4,79.267,2022,2,1.7000000000000002,0,33.4,9.8,22.460714285714285
Mine_E_Kandri,21.4,79.267,2022,3,0.5,0,41.0,18.3,29.287096774193547
Mine_E_Kandri,21.4,79.267,2022,4,0.0,0,45.5,23.5,34.4
Mine_E_Kandri,21.4,79.267,2022,5,0.0,0,44.1,26.1,35.377419354838715
Mine_E_Kandri,21.4,79.267,2022,6,213.4,17,44.9,23.2,31.613333333333333
Mine_E_Kandri,21.4,79.267,2022,7,867.8,29,31.4,23.0,26.016129032258064
Mine_E_Kandri,21.4,79.267,2022,8,445.9,20,32.1,22.8,26.54516129032258
Mine_E_Kandri,21.4,79.267,2022,9,260.6,19,32.1,22.1,26.48
Mine_E_Kandri,21.4,79.267,2022,10,178.2,12,32.4,15.5,24.516129032258064
Mine_E_Kandri,21.4,79.267,2022,11,0.0,0,31.4,12.0,21.55333333333333
Mine_E_Kandri,21.4,79.267,2022,12,1.3,0,31.0,13.2,22.161290322580644
Mine_E_Kandri,21.4,79.267,2023,1,0.7000000000000001,0,30.7,10.3,21.40967741935484
Mine_E_Kandri,21.4,79.267,2023,2,0.0,0,35.6,11.8,23.92142857142857
Mine_E_Kandri,21.4,79.267,2023,3,31.200000000000003,3,38.1,16.9,26.932258064516127
Mine_E_Kandri,21.4,79.267,2023,4,111.8,7,41.7,20.3,29.65
Mine_E_Kandri,21.4,79.267,2023,5,51.2,3,43.8,19.0,32.122580645161285
Mine_E_Kandri,21.4,79.267,2023,6,91.2,6,42.7,24.6,32.93
Mine_E_Kandri,21.4,79.267,2023,7,559.7,27,34.5,23.6,27.35483870967742
Mine_E_Kandri,21.4,79.267,2023,8,193.0,8,33.1,22.1,27.22903225806452
Mine_E_Kandri,21.4,79.267,2023,9,319.8,18,34.3,22.7,26.76
Mine_E_Kandri,21.4,79.267,2023,10,6.5,1,34.6,17.2,26.40967741935484
Mine_E_Kandri,21.4,79.267,2023,11,19.9,1,33.0,16.8,24.096666666666668
Mine_E_Kandri,21.4,79.267,2023,12,6.199999999999999,1,30.2,11.7,20.90967741935484
Mine_E_Kandri,21.4,79.267,2024,1,12.1,2,29.9,10.7,21.335483870967742
Mine_E_Kandri,21.4,79.267,2024,2,17.5,2,33.6,14.6,23.641379310344828
Mine_E_Kandri,21.4,79.267,2024,3,12.2,3,40.1,16.0,28.048387096774192
Mine_E_Kandri,21.4,79.267,2024,4,26.6,3,42.1,20.5,31.37333333333333
Mine_E_Kandri,21.4,79.267,2024,5,47.9,4,45.5,23.4,34.10967741935484
Mine_E_Kandri,21.4,79.267,2024,6,178.1,15,44.0,24.2,31.223333333333336
Mine_E_Kandri,21.4,79.267,2024,7,613.5,29,32.9,23.5,26.92258064516129
Mine_E_Kandri,21.4,79.267,2024,8,398.9,25,31.5,22.7,26.316129032258065
Mine_E_Kandri,21.4,79.267,2024,9,308.3,19,32.3,22.4,26.723333333333336
Mine_E_Kandri,21.4,79.267,2024,10,64.8,6,34.4,20.4,26.97741935483871
Mine_E_Kandri,21.4,79.267,2024,11,0.0,0,33.8,15.5,23.936666666666667
Mine_E_Kandri,21.4,79.267,2024,12,7.2,0,32.2,12.3,22.89354838709677
Mine_E_Kandri,21.4,79.267,2025,1,0.0,0,33.4,12.5,22.62258064516129
Mine_E_Kandri,21.4,79.267,2025,2,0.0,0,35.9,17.5,27.160714285714285
Mine_E_Kandri,21.4,79.267,2025,3,0.0,0,41.2,18.1,31.0258064516129
Mine_E_Kandri,21.4,79.267,2025,4,11.2,1,44.0,23.2,33.87
Mine_E_Kandri,21.4,79.267,2025,5,56.1,8,41.9,24.5,31.506451612903227
Mine_E_Kandri,21.4,79.267,2025,6,177.9,14,42.9,23.8,30.34
Mine_E_Kandri,21.4,79.267,2025,7,474.8,23,33.2,22.9,26.64516129032258
Mine_E_Kandri,21.4,79.267,2025,8,297.9,21,34.5,23.3,27.11935483870968
Mine_E_Kandri,21.4,79.267,2025,9,254.8,23,34.2,23.0,26.956666666666667
Mine_E_Kandri,21.4,79.267,2025,10,92.8,8,33.2,21.7,27.03548387096774
Mine_E_Kandri,21.4,79.267,2025,11,2.0,0,30.8,15.3,23.173333333333336
Mine_E_Kandri,21.4,79.267,2025,12,0.0,0,29.7,12.7,20.796774193548387
Mine_F_Gumgaon,21.4,78.983,2016,1,0.1,0,33.0,9.1,21.54516129032258
Mine_F_Gumgaon,21.4,78.983,2016,2,3.9,0,35.0,15.4,25.779310344827586
Mine_F_Gumgaon,21.4,78.983,2016,3,15.4,2,38.9,20.2,28.87741935483871
Mine_F_Gumgaon,21.4,78.983,2016,4,3.2,0,43.5,22.3,34.483333333333334
Mine_F_Gumgaon,21.4,78.983,2016,5,7.3,0,43.8,24.9,35.019354838709674
Mine_F_Gumgaon,21.4,78.983,2016,6,214.3,10,42.6,24.7,32.14
Mine_F_Gumgaon,21.4,78.983,2016,7,667.3000000000001,27,31.8,23.5,26.003225806451614
Mine_F_Gumgaon,21.4,78.983,2016,8,317.3,17,31.7,22.0,26.061290322580643
Mine_F_Gumgaon,21.4,78.983,2016,9,256.6,20,30.7,22.5,26.376666666666665
Mine_F_Gumgaon,21.4,78.983,2016,10,47.0,5,32.3,17.2,25.31290322580645
Mine_F_Gumgaon,21.4,78.983,2016,11,0.0,0,31.1,13.4,22.563333333333333
Mine_F_Gumgaon,21.4,78.983,2016,12,0.0,0,29.5,11.2,20.52258064516129
Mine_F_Gumgaon,21.4,78.983,2017,1,1.8,0,31.1,10.5,20.62258064516129
Mine_F_Gumgaon,21.4,78.983,2017,2,0.1,0,35.8,15.3,24.81428571428572
Mine_F_Gumgaon,21.4,78.983,2017,3,1.9,0,41.8,17.3,28.72903225806452
Mine_F_Gumgaon,21.4,78.983,2017,4,0.4,0,44.1,22.4,34.10333333333333
Mine_F_Gumgaon,21.4,78.983,2017,5,12.6,1,44.6,25.7,35.67741935483871
Mine_F_Gumgaon,21.4,78.983,2017,6,127.0,14,41.5,25.1,31.386666666666667
Mine_F_Gumgaon,21.4,78.983,2017,7,261.8,19,34.3,23.7,27.01935483870968
Mine_F_Gumgaon,21.4,78.983,2017,8,279.5,19,31.9,23.8,26.85806451612904
Mine_F_Gumgaon,21.4,78.983,2017,9,173.0,14,33.0,22.3,27.08
Mine_F_Gumgaon,21.4,78.983,2017,10,76.3,11,33.9,17.5,25.993548387096773
Mine_F_Gumgaon,21.4,78.983,2017,11,0.6000000000000001,0,30.6,13.2,23.116666666666667
Mine_F_Gumgaon,21.4,78.983,2017,12,0.0,0,30.2,11.2,21.01290322580645
Mine_F_Gumgaon,21.4,78.983,2018,1,0.0,0,31.9,11.1,20.22903225806452
Mine_F_Gumgaon,21.4,78.983,2018,2,23.7,2,34.6,13.0,23.225
Mine_F_Gumgaon,21.4,78.983,2018,3,5.0,0,40.1,17.6,28.461290322580645
Mine_F_Gumgaon,21.4,78.983,2018,4,11.6,2,42.8,22.3,32.17333333333333
Mine_F_Gumgaon,21.4,78.983,2018,5,2.0,0,44.1,26.2,35.96774193548387
Mine_F_Gumgaon,21.4,78.983,2018,6,164.3,15,41.7,23.7,30.33
Mine_F_Gumgaon,21.4,78.983,2018,7,404.9,25,32.1,23.6,26.71935483870968
Mine_F_Gumgaon,21.4,78.983,2018,8,389.6,18,31.9,22.9,26.30967741935484
Mine_F_Gumgaon,21.4,78.983,2018,9,132.2,8,32.9,21.2,26.423333333333336
Mine_F_Gumgaon,21.4,78.983,2018,10,0.3,0,34.5,17.8,26.44516129032258
Mine_F_Gumgaon,21.4,78.983,2018,11,1.3,0,32.4,13.9,23.816666666666663
Mine_F_Gumgaon,21.4,78.983,2018,12,19.1,3,28.8,8.6,19.41290322580645
Mine_F_Gumgaon,21.4,78.983,2019,1,23.9,2,30.2,8.2,19.22903225806452
Mine_F_Gumgaon,21.4,78.983,2019,2,1.4,0,35.7,10.8,23.317857142857143
Mine_F_Gumgaon,21.4,78.983,2019,3,6.2,1,40.5,17.0,28.23225806451613
Mine_F_Gumgaon,21.4,78.983,2019,4,1.4,0,44.4,22.9,33.47
Mine_F_Gumgaon,21.4,78.983,2019,5,0.0,0,45.4,27.2,36.79354838709677
Mine_F_Gumgaon,21.4,78.983,2019,6,73.7,6,45.3,24.6,34.63666666666666
Mine_F_Gumgaon,21.4,78.983,2019,7,512.1,19,35.6,23.5,28.061290322580643
Mine_F_Gumgaon,21.4,78.983,2019,8,418.9,21,31.9,23.2,26.33225806451613
Mine_F_Gumgaon,21.4,78.983,2019,9,356.5,27,30.6,22.9,26.05666666666667
Mine_F_Gumgaon,21.4,78.983,2019,10,45.6,5,31.9,19.8,25.725806451612904
Mine_F_Gumgaon,21.4,78.983,2019,11,3.8,0,31.8,16.3,24.0
Mine_F_Gumgaon,21.4,78.983,2019,12,28.5,5,29.6,7.7,20.47741935483871
Mine_F_Gumgaon,21.4,78.983,2020,1,50.8,4,30.1,8.9,19.296774193548387
Mine_F_Gumgaon,21.4,78.983,2020,2,11.6,2,32.7,11.7,21.686206896551724
Mine_F_Gumgaon,21.4,78.983,2020,3,14.1,1,37.7,17.8,26.687096774193545
Mine_F_Gumgaon,21.4,78.983,2020,4,0.5,0,41.0,22.5,32.13
Mine_F_Gumgaon,21.4,78.983,2020,5,0.3,0,44.8,25.3,35.00967741935484
Mine_F_Gumgaon,21.4,78.983,2020,6,238.8,16,37.4,23.4,28.826666666666664
Mine_F_Gumgaon,21.4,78.983,2020,7,294.0,22,33.0,23.7,27.51290322580645
Mine_F_Gumgaon,21.4,78.983,2020,8,691.6,24,32.3,23.0,26.20967741935484
Mine_F_Gumgaon,21.4,78.983,2020,9,278.6,25,32.4,23.3,27.19333333333333
Mine_F_Gumgaon,21.4,78.983,2020,10,82.6,9,33.4,18.7,26.31290322580645
Mine_F_Gumgaon,21.4,78.983,2020,11,1.4,0,32.3,13.8,23.22
Mine_F_Gumgaon,21.4,78.983,2020,12,0.3,0,30.3,10.7,21.241935483870968
Mine_F_Gumgaon,21.4,78.983,2021,1,1.1,0,31.9,12.1,22.64516129032258
Mine_F_Gumgaon,21.4,78.983,2021,2,2.7,0,35.8,11.8,23.135714285714283
Mine_F_Gumgaon,21.4,78.983,2021,3,0.3,0,40.5,17.1,28.216129032258067
Mine_F_Gumgaon,21.4,78.983,2021,4,0.9,0,41.8,21.5,31.85333333333333
Mine_F_Gumgaon,21.4,78.983,2021,5,12.1,2,41.0,23.8,32.76129032258065
Mine_F_Gumgaon,21.4,78.983,2021,6,175.3,18,38.1,24.0,28.58333333333333
Mine_F_Gumgaon,21.4,78.983,2021,7,431.3,18,34.6,23.7,27.280645161290323
Mine_F_Gumgaon,21.4,78.983,2021,8,203.9,12,32.2,23.4,26.93870967741936
Mine_F_Gumgaon,21.4,78.983,2021,9,312.2,26,31.2,22.4,26.176666666666662
Mine_F_Gumgaon,21.4,78.983,2021,10,55.4,8,32.8,16.1,25.6483870967742
Mine_F_Gumgaon,21.4,78.983,2021,11,16.2,2,32.0,14.5,24.176666666666662
Mine_F_Gumgaon,21.4,78.983,2021,12,11.6,1,29.7,9.0,20.738709677419354
Mine_F_Gumgaon,21.4,78.983,2022,1,28.3,3,29.2,9.1,18.90322580645161
Mine_F_Gumgaon,21.4,78.983,2022,2,1.7000000000000002,0,33.4,9.8,22.460714285714285
Mine_F_Gumgaon,21.4,78.983,2022,3,0.5,0,41.0,18.3,29.287096774193547
Mine_F_Gumgaon,21.4,78.983,2022,4,0.0,0,45.5,23.5,34.4
Mine_F_Gumgaon,21.4,78.983,2022,5,0.0,0,44.1,26.1,35.377419354838715
Mine_F_Gumgaon,21.4,78.983,2022,6,213.4,17,44.9,23.2,31.613333333333333
Mine_F_Gumgaon,21.4,78.983,2022,7,867.8,29,31.4,23.0,26.016129032258064
Mine_F_Gumgaon,21.4,78.983,2022,8,445.9,20,32.1,22.8,26.54516129032258
Mine_F_Gumgaon,21.4,78.983,2022,9,260.6,19,32.1,22.1,26.48
Mine_F_Gumgaon,21.4,78.983,2022,10,178.2,12,32.4,15.5,24.516129032258064
Mine_F_Gumgaon,21.4,78.983,2022,11,0.0,0,31.4,12.0,21.55333333333333
Mine_F_Gumgaon,21.4,78.983,2022,12,1.3,0,31.0,13.2,22.161290322580644
Mine_F_Gumgaon,21.4,78.983,2023,1,0.7000000000000001,0,30.7,10.3,21.40967741935484
Mine_F_Gumgaon,21.4,78.983,2023,2,0.0,0,35.6,11.8,23.92142857142857
Mine_F_Gumgaon,21.4,78.983,2023,3,31.200000000000003,3,38.1,16.9,26.932258064516127
Mine_F_Gumgaon,21.4,78.983,2023,4,111.8,7,41.7,20.3,29.65
Mine_F_Gumgaon,21.4,78.983,2023,5,51.2,3,43.8,19.0,32.122580645161285
Mine_F_Gumgaon,21.4,78.983,2023,6,91.2,6,42.7,24.6,32.93
Mine_F_Gumgaon,21.4,78.983,2023,7,559.7,27,34.5,23.6,27.35483870967742
Mine_F_Gumgaon,21.4,78.983,2023,8,193.0,8,33.1,22.1,27.22903225806452
Mine_F_Gumgaon,21.4,78.983,2023,9,319.8,18,34.3,22.7,26.76
Mine_F_Gumgaon,21.4,78.983,2023,10,6.5,1,34.6,17.2,26.40967741935484
Mine_F_Gumgaon,21.4,78.983,2023,11,19.9,1,33.0,16.8,24.096666666666668
Mine_F_Gumgaon,21.4,78.983,2023,12,6.199999999999999,1,30.2,11.7,20.90967741935484
Mine_F_Gumgaon,21.4,78.983,2024,1,12.1,2,29.9,10.7,21.335483870967742
Mine_F_Gumgaon,21.4,78.983,2024,2,17.5,2,33.6,14.6,23.641379310344828
Mine_F_Gumgaon,21.4,78.983,2024,3,12.2,3,40.1,16.0,28.048387096774192
Mine_F_Gumgaon,21.4,78.983,2024,4,26.6,3,42.1,20.5,31.37333333333333
Mine_F_Gumgaon,21.4,78.983,2024,5,47.9,4,45.5,23.4,34.10967741935484
Mine_F_Gumgaon,21.4,78.983,2024,6,178.1,15,44.0,24.2,31.223333333333336
Mine_F_Gumgaon,21.4,78.983,2024,7,613.5,29,32.9,23.5,26.92258064516129
Mine_F_Gumgaon,21.4,78.983,2024,8,398.9,25,31.5,22.7,26.316129032258065
Mine_F_Gumgaon,21.4,78.983,2024,9,308.3,19,32.3,22.4,26.723333333333336
Mine_F_Gumgaon,21.4,78.983,2024,10,64.8,6,34.4,20.4,26.97741935483871
Mine_F_Gumgaon,21.4,78.983,2024,11,0.0,0,33.8,15.5,23.936666666666667
Mine_F_Gumgaon,21.4,78.983,2024,12,7.2,0,32.2,12.3,22.89354838709677
Mine_F_Gumgaon,21.4,78.983,2025,1,0.0,0,33.4,12.5,22.62258064516129
Mine_F_Gumgaon,21.4,78.983,2025,2,0.0,0,35.9,17.5,27.160714285714285
Mine_F_Gumgaon,21.4,78.983,2025,3,0.0,0,41.2,18.1,31.0258064516129
Mine_F_Gumgaon,21.4,78.983,2025,4,11.2,1,44.0,23.2,33.87
Mine_F_Gumgaon,21.4,78.983,2025,5,56.1,8,41.9,24.5,31.506451612903227
Mine_F_Gumgaon,21.4,78.983,2025,6,177.9,14,42.9,23.8,30.34
Mine_F_Gumgaon,21.4,78.983,2025,7,474.8,23,33.2,22.9,26.64516129032258
Mine_F_Gumgaon,21.4,78.983,2025,8,297.9,21,34.5,23.3,27.11935483870968
Mine_F_Gumgaon,21.4,78.983,2025,9,254.8,23,34.2,23.0,26.956666666666667
Mine_F_Gumgaon,21.4,78.983,2025,10,92.8,8,33.2,21.7,27.03548387096774
Mine_F_Gumgaon,21.4,78.983,2025,11,2.0,0,30.8,15.3,23.173333333333336
Mine_F_Gumgaon,21.4,78.983,2025,12,0.0,0,29.7,12.7,20.796774193548387
Mine_G_Beldongri,21.345,79.305,2016,1,3.2,0,30.4,9.2,19.38064516129032
Mine_G_Beldongri,21.345,79.305,2016,2,57.0,4,35.3,14.6,24.5
Mine_G_Beldongri,21.345,79.305,2016,3,12.7,2,38.1,19.2,27.796774193548387
Mine_G_Beldongri,21.345,79.305,2016,4,7.9,0,42.3,24.0,33.67666666666666
Mine_G_Beldongri,21.345,79.305,2016,5,58.2,6,41.2,23.5,31.23548387096774
Mine_G_Beldongri,21.345,79.305,2016,6,142.4,15,38.4,24.5,28.91333333333333
Mine_G_Beldongri,21.345,79.305,2016,7,414.8,24,32.2,23.2,25.73225806451613
Mine_G_Beldongri,21.345,79.305,2016,8,325.7,25,31.7,22.9,25.6
Mine_G_Beldongri,21.345,79.305,2016,9,312.1,25,31.5,22.9,25.47
Mine_G_Beldongri,21.345,79.305,2016,10,76.6,7,30.9,18.6,24.67096774193548
Mine_G_Beldongri,21.345,79.305,2016,11,2.5,0,28.9,14.9,21.99333333333333
Mine_G_Beldongri,21.345,79.305,2016,12,0.0,0,27.1,11.8,19.32258064516129
Mine_G_Beldongri,21.345,79.305,2017,1,2.5,0,28.6,9.3,18.990322580645163
Mine_G_Beldongri,21.345,79.305,2017,2,0.0,0,33.9,11.8,22.417857142857144
Mine_G_Beldongri,21.345,79.305,2017,3,8.2,1,39.1,14.2,25.887096774193548
Mine_G_Beldongri,21.345,79.305,2017,4,9.8,1,41.1,18.5,30.956666666666667
Mine_G_Beldongri,21.345,79.305,2017,5,62.8,4,40.8,23.2,31.116129032258065
Mine_G_Beldongri,21.345,79.305,2017,6,248.0,24,38.8,23.1,28.46333333333333
Mine_G_Beldongri,21.345,79.305,2017,7,455.2,28,32.7,22.5,25.48064516129032
Mine_G_Beldongri,21.345,79.305,2017,8,227.3,22,31.0,22.5,25.85483870967742
Mine_G_Beldongri,21.345,79.305,2017,9,273.3,24,31.3,22.3,26.026666666666664
Mine_G_Beldongri,21.345,79.305,2017,10,169.1,14,32.0,15.6,24.35806451612904
Mine_G_Beldongri,21.345,79.305,2017,11,16.0,3,28.2,11.8,20.76333333333333
Mine_G_Beldongri,21.345,79.305,2017,12,0.9,0,27.5,10.0,18.55806451612903
Mine_G_Beldongri,21.345,79.305,2018,1,0.0,0,27.9,8.5,17.261290322580646
Mine_G_Beldongri,21.345,79.305,2018,2,0.2,0,33.2,11.5,22.27142857142857
Mine_G_Beldongri,21.345,79.305,2018,3,3.4,0,36.9,16.6,26.37741935483871
Mine_G_Beldongri,21.345,79.305,2018,4,62.2,7,37.3,17.8,27.25333333333333
Mine_G_Beldongri,21.345,79.305,2018,5,136.4,11,38.3,21.8,29.22903225806452
Mine_G_Beldongri,21.345,79.305,2018,6,209.2,15,36.1,22.9,28.16333333333333
Mine_G_Beldongri,21.345,79.305,2018,7,604.1,26,31.8,23.2,26.0258064516129
Mine_G_Beldongri,21.345,79.305,2018,8,351.8,28,31.4,22.7,25.748387096774195
Mine_G_Beldongri,21.345,79.305,2018,9,271.3,18,31.5,21.5,25.51
Mine_G_Beldongri,21.345,79.305,2018,10,84.2,4,31.7,16.7,23.864516129032257
Mine_G_Beldongri,21.345,79.305,2018,11,1.3,0,29.5,13.7,21.62
Mine_G_Beldongri,21.345,79.305,2018,12,95.2,2,25.2,8.6,16.725806451612904
Mine_G_Beldongri,21.345,79.305,2019,1,5.4,0,27.5,8.2,16.76451612903226
Mine_G_Beldongri,21.345,79.305,2019,2,18.2,3,32.6,9.2,20.675
Mine_G_Beldongri,21.345,79.305,2019,3,33.7,5,35.9,12.4,24.06774193548388
Mine_G_Beldongri,21.345,79.305,2019,4,9.2,0,39.1,19.4,28.586666666666662
Mine_G_Beldongri,21.345,79.305,2019,5,118.9,2,39.1,21.5,30.15806451612903
Mine_G_Beldongri,21.345,79.305,2019,6,270.90000000000003,9,39.3,23.8,29.863333333333333
Mine_G_Beldongri,21.345,79.305,2019,7,321.2,21,32.8,22.9,26.56451612903226
Mine_G_Beldongri,21.345,79.305,2019,8,645.2,26,31.1,22.5,25.65806451612903
Mine_G_Beldongri,21.345,79.305,2019,9,297.3,25,30.8,21.8,25.276666666666664
Mine_G_Beldongri,21.345,79.305,2019,10,220.9,14,29.6,18.5,23.758064516129032
Mine_G_Beldongri,21.345,79.305,2019,11,0.9,0,28.6,14.6,21.75333333333333
Mine_G_Beldongri,21.345,79.305,2019,12,31.8,3,26.2,6.3,17.919354838709676
Mine_G_Beldongri,21.345,79.305,2020,1,16.3,2,27.8,7.8,17.44193548387097
Mine_G_Beldongri,21.345,79.305,2020,2,30.6,4,29.9,10.1,19.06551724137931
Mine_G_Beldongri,21.345,79.305,2020,3,81.8,8,35.5,14.1,23.41935483870968
Mine_G_Beldongri,21.345,79.305,2020,4,55.2,8,37.6,19.2,27.44333333333333
Mine_G_Beldongri,21.345,79.305,2020,5,78.50000000000001,7,38.6,20.0,28.596774193548388
Mine_G_Beldongri,21.345,79.305,2020,6,248.5,22,34.1,23.2,26.86
Mine_G_Beldongri,21.345,79.305,2020,7,290.7,26,32.4,22.7,26.516129032258064
Mine_G_Beldongri,21.345,79.305,2020,8,485.8,26,31.8,22.3,25.993548387096773
Mine_G_Beldongri,21.345,79.305,2020,9,196.9,18,32.2,22.2,26.35333333333333
Mine_G_Beldongri,21.345,79.305,2020,10,95.3,12,31.0,17.0,24.983870967741936
Mine_G_Beldongri,21.345,79.305,2020,11,3.6,0,30.4,12.3,22.126666666666665
Mine_G_Beldongri,21.345,79.305,2020,12,0.4,0,28.3,9.5,19.26774193548387
Mine_G_Beldongri,21.345,79.305,2021,1,0.5,0,29.9,8.7,19.60322580645161
Mine_G_Beldongri,21.345,79.305,2021,2,6.1,1,32.9,9.5,21.010714285714283
Mine_G_Beldongri,21.345,79.305,2021,3,6.2,1,38.3,14.7,26.51290322580645
Mine_G_Beldongri,21.345,79.305,2021,4,5.3,0,37.7,19.1,29.016666666666666
Mine_G_Beldongri,21.345,79.305,2021,5,339.20000000000005,11,36.5,20.7,27.60322580645161
Mine_G_Beldongri,21.345,79.305,2021,6,309.5,18,34.7,22.6,26.71
Mine_G_Beldongri,21.345,79.305,2021,7,276.1,23,32.3,22.5,26.06774193548388
Mine_G_Beldongri,21.345,79.305,2021,8,157.8,21,31.1,23.0,26.006451612903227
Mine_G_Beldongri,21.345,79.305,2021,9,391.7,24,31.0,21.5,25.113333333333333
Mine_G_Beldongri,21.345,79.305,2021,10,87.2,9,31.6,16.9,24.51290322580645
Mine_G_Beldongri,21.345,79.305,2021,11,36.2,3,28.5,13.5,21.426666666666662
Mine_G_Beldongri,21.345,79.305,2021,12,50.1,3,25.8,8.0,17.45483870967742
Mine_G_Beldongri,21.345,79.305,2022,1,55.3,6,25.2,7.1,16.280645161290323
Mine_G_Beldongri,21.345,79.305,2022,2,13.4,1,31.0,9.1,19.15714285714285
Mine_G_Beldongri,21.345,79.305,2022,3,0.0,0,36.9,15.2,25.700000000000003
Mine_G_Beldongri,21.345,79.305,2022,4,5.300000000000001,1,39.1,20.0,30.0
Mine_G_Beldongri,21.345,79.305,2022,5,91.9,7,37.2,21.7,28.72903225806452
Mine_G_Beldongri,21.345,79.305,2022,6,166.2,15,39.0,22.5,28.23
Mine_G_Beldongri,21.345,79.305,2022,7,235.5,25,31.8,22.2,25.870967741935484
Mine_G_Beldongri,21.345,79.305,2022,8,453.2,22,31.9,21.7,25.60967741935484
Mine_G_Beldongri,21.345,79.305,2022,9,195.2,23,32.4,21.9,25.53
Mine_G_Beldongri,21.345,79.305,2022,10,61.5,8,31.2,15.7,23.758064516129032
Mine_G_Beldongri,21.345,79.305,2022,11,0.0,0,29.4,11.9,21.10666666666667
Mine_G_Beldongri,21.345,79.305,2022,12,0.0,0,28.6,10.3,19.206451612903223
Mine_G_Beldongri,21.345,79.305,2023,1,0.5,0,29.1,7.2,18.67419354838709
Mine_G_Beldongri,21.345,79.305,2023,2,0.0,0,32.8,11.3,21.49285714285714
Mine_G_Beldongri,21.345,79.305,2023,3,61.9,6,34.3,16.1,24.374193548387098
Mine_G_Beldongri,21.345,79.305,2023,4,42.2,3,39.0,17.2,27.37333333333333
Mine_G_Beldongri,21.345,79.305,2023,5,23.2,4,38.7,19.1,29.4741935483871
Mine_G_Beldongri,21.345,79.305,2023,6,140.2,11,39.6,23.2,30.26
Mine_G_Beldongri,21.345,79.305,2023,7,203.2,18,33.8,22.8,27.032258064516128
Mine_G_Beldongri,21.345,79.305,2023,8,245.0,19,32.6,22.4,26.293548387096774
Mine_G_Beldongri,21.345,79.305,2023,9,325.5,23,33.8,22.2,25.77
Mine_G_Beldongri,21.345,79.305,2023,10,63.89999999999999,4,32.2,17.0,24.85806451612904
Mine_G_Beldongri,21.345,79.305,2023,11,21.700000000000003,2,30.6,15.4,22.423333333333336
Mine_G_Beldongri,21.345,79.305,2023,12,45.7,2,27.9,10.9,18.38064516129032
Mine_G_Beldongri,21.345,79.305,2024,1,39.9,3,27.1,10.4,17.896774193548385
Mine_G_Beldongri,21.345,79.305,2024,2,12.5,3,30.9,11.6,21.06206896551724
Mine_G_Beldongri,21.345,79.305,2024,3,46.8,6,36.2,13.8,24.635483870967743
Mine_G_Beldongri,21.345,79.305,2024,4,10.5,1,40.7,18.6,29.816666666666663
Mine_G_Beldongri,21.345,79.305,2024,5,56.7,6,41.5,21.7,29.92258064516129
Mine_G_Beldongri,21.345,79.305,2024,6,176.8,11,39.5,23.8,29.793333333333333
Mine_G_Beldongri,21.345,79.305,2024,7,335.3,25,31.9,23.5,26.40967741935484
Mine_G_Beldongri,21.345,79.305,2024,8,468.4,26,32.0,22.3,25.467741935483872
Mine_G_Beldongri,21.345,79.305,2024,9,314.90000000000003,19,31.9,21.8,25.85333333333333
Mine_G_Beldongri,21.345,79.305,2024,10,126.6,11,31.9,19.6,25.05806451612903
Mine_G_Beldongri,21.345,79.305,2024,11,5.9,1,31.0,13.5,21.836666666666662
Mine_G_Beldongri,21.345,79.305,2024,12,16.8,1,29.5,9.8,19.42258064516129
Mine_G_Beldongri,21.345,79.305,2025,1,0.0,0,29.6,8.8,17.87741935483871
Mine_G_Beldongri,21.345,79.305,2025,2,12.3,1,32.4,12.6,21.70357142857143
Mine_G_Beldongri,21.345,79.305,2025,3,67.0,4,37.2,13.2,25.1
Mine_G_Beldongri,21.345,79.305,2025,4,28.8,4,39.7,19.5,27.49333333333333
Mine_G_Beldongri,21.345,79.305,2025,5,62.6,8,37.2,19.6,27.741935483870968
Mine_G_Beldongri,21.345,79.305,2025,6,318.0,17,34.9,22.3,26.83333333333333
Mine_G_Beldongri,21.345,79.305,2025,7,560.3,27,32.6,22.2,25.60967741935484
Mine_G_Beldongri,21.345,79.305,2025,8,231.2,25,32.0,22.2,25.651612903225807
Mine_G_Beldongri,21.345,79.305,2025,9,217.3,22,32.1,21.7,25.33
Mine_G_Beldongri,21.345,79.305,2025,10,100.1,9,31.6,19.0,24.716129032258067
Mine_G_Beldongri,21.345,79.305,2025,11,0.3,0,29.4,12.1,20.046666666666667
Mine_G_Beldongri,21.345,79.305,2025,12,0.9,0,25.2,8.4,16.548387096774192
Mine_H_Ukwa,21.979,80.422,2016,1,6.7,1,30.0,8.8,19.293548387096774
Mine_H_Ukwa,21.979,80.422,2016,2,72.8,4,34.7,14.6,24.20689655172414
Mine_H_Ukwa,21.979,80.422,2016,3,14.6,1,37.4,19.0,27.483870967741936
Mine_H_Ukwa,21.979,80.422,2016,4,16.2,3,41.5,22.9,33.153333333333336
Mine_H_Ukwa,21.979,80.422,2016,5,78.9,9,40.6,23.3,30.932258064516127
Mine_H_Ukwa,21.979,80.422,2016,6,163.1,15,38.0,24.5,28.60333333333333
Mine_H_Ukwa,21.979,80.422,2016,7,380.1,23,32.2,23.2,25.516129032258064
Mine_H_Ukwa,21.979,80.422,2016,8,314.4,25,31.3,22.8,25.396774193548385
Mine_H_Ukwa,21.979,80.422,2016,9,269.0,23,31.2,22.8,25.296666666666667
Mine_H_Ukwa,21.979,80.422,2016,10,82.5,8,30.8,18.0,24.490322580645163
Mine_H_Ukwa,21.979,80.422,2016,11,2.7,0,28.6,15.0,21.86
Mine_H_Ukwa,21.979,80.422,2016,12,0.0,0,26.9,11.6,19.13870967741936
Mine_H_Ukwa,21.979,80.422,2017,1,4.9,1,28.6,9.6,19.09032258064516
Mine_H_Ukwa,21.979,80.422,2017,2,0.0,0,33.2,12.2,22.410714285714285
Mine_H_Ukwa,21.979,80.422,2017,3,10.9,1,39.4,14.0,25.961290322580645
Mine_H_Ukwa,21.979,80.422,2017,4,12.5,2,40.6,19.8,30.76333333333333
Mine_H_Ukwa,21.979,80.422,2017,5,107.1,10,40.5,22.7,30.538709677419355
Mine_H_Ukwa,21.979,80.422,2017,6,189.5,23,37.8,22.0,27.6
Mine_H_Ukwa,21.979,80.422,2017,7,421.6,25,30.4,22.1,24.73548387096774
Mine_H_Ukwa,21.979,80.422,2017,8,226.4,21,29.8,22.0,25.14516129032258
Mine_H_Ukwa,21.979,80.422,2017,9,218.2,25,30.9,21.7,25.423333333333336
Mine_H_Ukwa,21.979,80.422,2017,10,190.0,14,31.2,14.9,23.96451612903226
Mine_H_Ukwa,21.979,80.422,2017,11,18.6,3,27.3,12.4,20.366666666666667
Mine_H_Ukwa,21.979,80.422,2017,12,0.1,0,27.0,9.8,18.50967741935484
Mine_H_Ukwa,21.979,80.422,2018,1,0.0,0,27.6,8.6,17.52258064516129
Mine_H_Ukwa,21.979,80.422,2018,2,1.2000000000000002,0,32.4,12.1,22.385714285714283
Mine_H_Ukwa,21.979,80.422,2018,3,4.7,0,36.5,17.2,26.41290322580645
Mine_H_Ukwa,21.979,80.422,2018,4,78.0,11,36.8,17.4,26.956666666666667
Mine_H_Ukwa,21.979,80.422,2018,5,121.4,14,37.7,21.4,28.751612903225805
Mine_H_Ukwa,21.979,80.422,2018,6,196.4,16,35.2,22.5,27.423333333333336
Mine_H_Ukwa,21.979,80.422,2018,7,487.0,28,31.2,22.5,25.26774193548387
Mine_H_Ukwa,21.979,80.422,2018,8,331.2,29,30.5,22.0,25.032258064516128
Mine_H_Ukwa,21.979,80.422,2018,9,236.2,18,30.8,21.1,24.866666666666667
Mine_H_Ukwa,21.979,80.422,2018,10,120.1,4,31.1,17.1,23.52258064516129
Mine_H_Ukwa,21.979,80.422,2018,11,4.2,0,29.0,13.7,21.39
Mine_H_Ukwa,21.979,80.422,2018,12,93.5,3,25.3,8.4,16.59032258064516
Mine_H_Ukwa,21.979,80.422,2019,1,7.799999999999999,1,27.3,9.2,16.799999999999997
Mine_H_Ukwa,21.979,80.422,2019,2,28.1,4,32.0,9.7,20.72142857142857
Mine_H_Ukwa,21.979,80.422,2019,3,44.4,6,34.6,12.2,23.77741935483871
Mine_H_Ukwa,21.979,80.422,2019,4,23.0,3,38.6,19.3,28.06
Mine_H_Ukwa,21.979,80.422,2019,5,134.1,3,37.8,20.7,29.825806451612905
Mine_H_Ukwa,21.979,80.422,2019,6,444.8,9,39.7,23.2,29.183333333333334
Mine_H_Ukwa,21.979,80.422,2019,7,320.5,21,31.4,22.3,25.71935483870968
Mine_H_Ukwa,21.979,80.422,2019,8,524.4,25,30.2,22.1,24.98064516129032
Mine_H_Ukwa,21.979,80.422,2019,9,257.0,22,29.9,21.2,24.62333333333333
Mine_H_Ukwa,21.979,80.422,2019,10,208.8,15,28.7,17.6,23.248387096774195
Mine_H_Ukwa,21.979,80.422,2019,11,1.0,0,27.9,14.5,21.446666666666665
Mine_H_Ukwa,21.979,80.422,2019,12,26.1,2,26.0,6.3,17.703225806451613
Mine_H_Ukwa,21.979,80.422,2020,1,14.9,2,27.3,7.1,17.57741935483871
Mine_H_Ukwa,21.979,80.422,2020,2,43.7,5,29.7,10.3,19.013793103448275
Mine_H_Ukwa,21.979,80.422,2020,3,66.9,7,34.9,14.1,23.27741935483871
Mine_H_Ukwa,21.979,80.422,2020,4,65.4,10,37.1,19.1,27.466666666666665
Mine_H_Ukwa,21.979,80.422,2020,5,69.4,7,37.6,20.2,28.370967741935484
Mine_H_Ukwa,21.979,80.422,2020,6,261.5,17,33.4,22.8,26.203333333333333
Mine_H_Ukwa,21.979,80.422,2020,7,306.8,27,31.7,22.4,25.80322580645161
Mine_H_Ukwa,21.979,80.422,2020,8,467.8,25,30.9,22.1,25.3
Mine_H_Ukwa,21.979,80.422,2020,9,208.7,18,30.7,21.8,25.69
Mine_H_Ukwa,21.979,80.422,2020,10,85.8,12,30.1,16.3,24.361290322580647
Mine_H_Ukwa,21.979,80.422,2020,11,3.8,0,30.0,12.6,21.90333333333333
Mine_H_Ukwa,21.979,80.422,2020,12,0.3,0,28.1,10.2,19.40322580645161
Mine_H_Ukwa,21.979,80.422,2021,1,1.3,0,29.9,8.6,19.57741935483871
Mine_H_Ukwa,21.979,80.422,2021,2,7.4,1,32.7,10.1,21.057142857142857
Mine_H_Ukwa,21.979,80.422,2021,3,6.6,1,38.0,15.9,26.76451612903226
Mine_H_Ukwa,21.979,80.422,2021,4,13.6,2,37.5,19.4,29.01
Mine_H_Ukwa,21.979,80.422,2021,5,303.7,12,35.9,20.6,27.248387096774195
Mine_H_Ukwa,21.979,80.422,2021,6,283.5,17,33.3,22.0,25.94
Mine_H_Ukwa,21.979,80.422,2021,7,307.7,22,31.0,22.0,25.31290322580645
Mine_H_Ukwa,21.979,80.422,2021,8,167.0,23,30.2,22.5,25.274193548387096
Mine_H_Ukwa,21.979,80.422,2021,9,417.6,25,30.4,21.4,24.506666666666668
Mine_H_Ukwa,21.979,80.422,2021,10,94.3,9,30.6,17.2,24.003225806451614
Mine_H_Ukwa,21.979,80.422,2021,11,54.4,4,28.1,12.5,21.046666666666667
Mine_H_Ukwa,21.979,80.422,2021,12,41.9,3,25.0,8.1,17.083870967741937
Mine_H_Ukwa,21.979,80.422,2022,1,54.0,4,24.8,7.4,16.096774193548388
Mine_H_Ukwa,21.979,80.422,2022,2,20.1,2,30.0,9.5,19.107142857142858
Mine_H_Ukwa,21.979,80.422,2022,3,0.0,0,36.2,15.1,25.76129032258065
Mine_H_Ukwa,21.979,80.422,2022,4,4.5,0,40.4,20.3,30.446666666666665
Mine_H_Ukwa,21.979,80.422,2022,5,85.4,6,37.4,21.3,28.316129032258065
Mine_H_Ukwa,21.979,80.422,2022,6,181.9,14,37.5,22.1,27.686666666666667
Mine_H_Ukwa,21.979,80.422,2022,7,209.6,22,30.6,21.9,25.141935483870967
Mine_H_Ukwa,21.979,80.422,2022,8,483.2,21,30.8,21.1,24.90322580645161
Mine_H_Ukwa,21.979,80.422,2022,9,195.1,24,30.7,21.0,24.85666666666667
Mine_H_Ukwa,21.979,80.422,2022,10,100.4,12,29.6,15.7,23.17096774193548
Mine_H_Ukwa,21.979,80.422,2022,11,0.0,0,28.7,11.4,20.926666666666662
Mine_H_Ukwa,21.979,80.422,2022,12,0.0,0,28.1,10.1,19.416129032258063
Mine_H_Ukwa,21.979,80.422,2023,1,1.8,0,29.0,7.4,18.906451612903226
Mine_H_Ukwa,21.979,80.422,2023,2,0.2,0,32.5,11.0,21.79642857142857
Mine_H_Ukwa,21.979,80.422,2023,3,49.8,7,33.6,16.0,24.40322580645161
Mine_H_Ukwa,21.979,80.422,2023,4,68.8,5,38.5,17.1,27.19
Mine_H_Ukwa,21.979,80.422,2023,5,31.1,4,38.5,18.6,29.22903225806452
Mine_H_Ukwa,21.979,80.422,2023,6,167.3,11,39.0,22.4,29.66333333333333
Mine_H_Ukwa,21.979,80.422,2023,7,204.5,21,32.8,22.4,26.251612903225805
Mine_H_Ukwa,21.979,80.422,2023,8,252.0,20,31.0,22.1,25.47741935483871
Mine_H_Ukwa,21.979,80.422,2023,9,266.8,22,32.6,21.4,25.126666666666665
Mine_H_Ukwa,21.979,80.422,2023,10,99.0,5,31.4,16.7,24.080645161290324
Mine_H_Ukwa,21.979,80.422,2023,11,17.9,2,28.9,14.1,21.790000000000003
Mine_H_Ukwa,21.979,80.422,2023,12,54.3,2,27.2,9.3,18.048387096774192
Mine_H_Ukwa,21.979,80.422,2024,1,35.1,3,27.0,9.6,17.67096774193548
Mine_H_Ukwa,21.979,80.422,2024,2,17.900000000000002,2,29.8,10.2,20.87586206896552
Mine_H_Ukwa,21.979,80.422,2024,3,50.3,5,35.2,12.7,24.32258064516129
Mine_H_Ukwa,21.979,80.422,2024,4,11.2,1,40.1,17.8,29.476666666666667
Mine_H_Ukwa,21.979,80.422,2024,5,93.9,7,40.1,20.9,29.40322580645161
Mine_H_Ukwa,21.979,80.422,2024,6,160.8,10,38.2,23.1,29.096666666666668
Mine_H_Ukwa,21.979,80.422,2024,7,391.2,28,30.8,23.0,25.661290322580644
Mine_H_Ukwa,21.979,80.422,2024,8,430.9,28,30.1,21.3,24.77741935483871
Mine_H_Ukwa,21.979,80.422,2024,9,256.4,20,30.7,21.9,25.146666666666665
Mine_H_Ukwa,21.979,80.422,2024,10,127.1,13,31.1,18.3,24.31290322580645
Mine_H_Ukwa,21.979,80.422,2024,11,2.5,0,29.6,13.4,20.92
Mine_H_Ukwa,21.979,80.422,2024,12,5.1000000000000005,0,27.8,9.1,18.687096774193545
Mine_H_Ukwa,21.979,80.422,2025,1,0.0,0,28.6,8.4,17.677419354838708
Mine_H_Ukwa,21.979,80.422,2025,2,29.2,1,31.7,13.2,21.610714285714288
Mine_H_Ukwa,21.979,80.422,2025,3,47.0,3,36.6,13.4,25.12903225806452
Mine_H_Ukwa,21.979,80.422,2025,4,36.0,5,37.7,19.0,27.040000000000003
Mine_H_Ukwa,21.979,80.422,2025,5,64.4,8,35.7,18.9,27.23548387096774
Mine_H_Ukwa,21.979,80.422,2025,6,309.0,17,33.8,21.6,26.23333333333333
Mine_H_Ukwa,21.979,80.422,2025,7,423.0,28,31.0,21.5,25.048387096774192
Mine_H_Ukwa,21.979,80.422,2025,8,218.9,24,31.2,21.5,25.083870967741937
Mine_H_Ukwa,21.979,80.422,2025,9,209.6,21,31.4,21.2,24.76333333333333
Mine_H_Ukwa,21.979,80.422,2025,10,93.2,10,30.6,18.9,24.08709677419355
Mine_H_Ukwa,21.979,80.422,2025,11,0.4,0,29.2,11.3,19.78
Mine_H_Ukwa,21.979,80.422,2025,12,1.5,0,25.2,8.7,16.429032258064517
Mine_I_Tirodi,21.683,79.717,2016,1,8.1,1,32.9,16.7,24.26129032258065
Mine_I_Tirodi,21.683,79.717,2016,2,0.0,0,36.9,17.8,27.66551724137931
Mine_I_Tirodi,21.683,79.717,2016,3,2.0,0,39.5,22.2,30.48064516129032
Mine_I_Tirodi,21.683,79.717,2016,4,0.2,0,40.3,24.1,32.013333333333335
Mine_I_Tirodi,21.683,79.717,2016,5,46.0,5,38.9,23.7,30.07741935483871
Mine_I_Tirodi,21.683,79.717,2016,6,222.8,21,36.2,21.6,25.19
Mine_I_Tirodi,21.683,79.717,2016,7,241.3,16,29.4,21.2,24.15806451612903
Mine_I_Tirodi,21.683,79.717,2016,8,63.3,6,29.0,21.3,24.280645161290323
Mine_I_Tirodi,21.683,79.717,2016,9,126.6,14,29.3,20.2,23.863333333333333
Mine_I_Tirodi,21.683,79.717,2016,10,8.299999999999999,1,30.7,17.8,24.664516129032258
Mine_I_Tirodi,21.683,79.717,2016,11,15.0,2,32.4,15.9,24.506666666666668
Mine_I_Tirodi,21.683,79.717,2016,12,20.3,1,30.9,14.3,23.493548387096773
Mine_I_Tirodi,21.683,79.717,2017,1,0.7999999999999999,0,32.6,16.1,24.274193548387096
Mine_I_Tirodi,21.683,79.717,2017,2,0.0,0,35.5,18.4,26.428571428571427
Mine_I_Tirodi,21.683,79.717,2017,3,9.0,1,38.9,18.7,28.97741935483871
Mine_I_Tirodi,21.683,79.717,2017,4,8.4,1,38.4,22.2,30.383333333333333
Mine_I_Tirodi,21.683,79.717,2017,5,16.3,0,38.0,23.5,29.88064516129032
Mine_I_Tirodi,21.683,79.717,2017,6,130.7,17,34.7,21.6,25.32333333333333
Mine_I_Tirodi,21.683,79.717,2017,7,48.7,4,31.3,21.4,24.98709677419355
Mine_I_Tirodi,21.683,79.717,2017,8,94.6,9,31.0,21.2,24.81935483870968
Mine_I_Tirodi,21.683,79.717,2017,9,193.3,17,31.3,20.8,24.96333333333333
Mine_I_Tirodi,21.683,79.717,2017,10,218.7,16,29.3,19.6,24.425806451612903
Mine_I_Tirodi,21.683,79.717,2017,11,19.5,2,31.4,17.2,24.3
Mine_I_Tirodi,21.683,79.717,2017,12,5.3,1,30.9,16.0,23.335483870967742
Mine_I_Tirodi,21.683,79.717,2018,1,0.0,0,31.2,16.2,23.42258064516129
Mine_I_Tirodi,21.683,79.717,2018,2,2.1,0,33.5,16.6,25.025
Mine_I_Tirodi,21.683,79.717,2018,3,25.1,3,36.8,19.6,28.241935483870968
Mine_I_Tirodi,21.683,79.717,2018,4,23.9,5,37.6,22.0,29.523333333333333
Mine_I_Tirodi,21.683,79.717,2018,5,46.8,8,37.4,23.0,28.896774193548385
Mine_I_Tirodi,21.683,79.717,2018,6,153.8,16,33.1,21.4,25.15333333333333
Mine_I_Tirodi,21.683,79.717,2018,7,152.20000000000002,20,29.6,21.3,24.11290322580645
Mine_I_Tirodi,21.683,79.717,2018,8,135.1,18,29.7,20.5,23.725806451612904
Mine_I_Tirodi,21.683,79.717,2018,9,66.9,7,32.1,19.7,24.953333333333333
Mine_I_Tirodi,21.683,79.717,2018,10,37.9,3,35.2,18.7,26.4741935483871
Mine_I_Tirodi,21.683,79.717,2018,11,11.1,1,33.5,17.9,25.4
Mine_I_Tirodi,21.683,79.717,2018,12,7.4,2,32.2,15.3,24.225806451612904
Mine_I_Tirodi,21.683,79.717,2019,1,3.1,1,30.9,15.5,23.06774193548388
Mine_I_Tirodi,21.683,79.717,2019,2,3.3,0,36.2,17.5,26.667857142857144
Mine_I_Tirodi,21.683,79.717,2019,3,1.0,0,37.9,19.2,29.561290322580643
Mine_I_Tirodi,21.683,79.717,2019,4,11.9,1,39.0,22.8,30.526666666666664
Mine_I_Tirodi,21.683,79.717,2019,5,9.6,1,38.4,20.6,30.17419354838709
Mine_I_Tirodi,21.683,79.717,2019,6,99.5,11,36.1,22.5,27.173333333333336
Mine_I_Tirodi,21.683,79.717,2019,7,160.4,20,31.2,21.3,24.641935483870967
Mine_I_Tirodi,21.683,79.717,2019,8,184.2,21,29.3,21.3,24.05161290322581
Mine_I_Tirodi,21.683,79.717,2019,9,205.4,19,29.6,20.8,24.21
Mine_I_Tirodi,21.683,79.717,2019,10,238.6,24,29.3,19.8,24.09354838709677
Mine_I_Tirodi,21.683,79.717,2019,11,20.2,2,29.8,18.6,24.38
Mine_I_Tirodi,21.683,79.717,2019,12,53.0,3,30.0,17.6,22.69677419354839
Mine_I_Tirodi,21.683,79.717,2020,1,5.7,1,32.3,17.0,24.15806451612903
Mine_I_Tirodi,21.683,79.717,2020,2,0.2,0,33.9,19.0,25.76206896551724
Mine_I_Tirodi,21.683,79.717,2020,3,4.6,0,37.2,20.7,28.687096774193545
Mine_I_Tirodi,21.683,79.717,2020,4,19.9,3,37.8,22.4,30.15666666666667
Mine_I_Tirodi,21.683,79.717,2020,5,18.6,3,36.9,22.8,30.0
Mine_I_Tirodi,21.683,79.717,2020,6,136.0,13,32.6,22.0,25.866666666666667
Mine_I_Tirodi,21.683,79.717,2020,7,258.0,25,31.1,21.1,24.370967741935484
Mine_I_Tirodi,21.683,79.717,2020,8,145.5,19,29.7,20.7,23.95483870967742
Mine_I_Tirodi,21.683,79.717,2020,9,236.7,21,30.7,21.2,24.293333333333333
Mine_I_Tirodi,21.683,79.717,2020,10,133.3,11,29.7,19.6,24.18064516129032
Mine_I_Tirodi,21.683,79.717,2020,11,32.7,3,30.1,16.9,23.746666666666663
Mine_I_Tirodi,21.683,79.717,2020,12,17.7,2,30.7,15.8,23.006451612903227
Mine_I_Tirodi,21.683,79.717,2021,1,2.9,0,31.5,16.5,23.93548387096774
Mine_I_Tirodi,21.683,79.717,2021,2,10.1,2,34.1,16.8,24.457142857142856
Mine_I_Tirodi,21.683,79.717,2021,3,0.1,0,38.2,20.3,28.63870967741936
Mine_I_Tirodi,21.683,79.717,2021,4,13.3,2,37.9,21.0,29.363333333333333
Mine_I_Tirodi,21.683,79.717,2021,5,69.6,11,35.8,21.6,27.5258064516129
Mine_I_Tirodi,21.683,79.717,2021,6,147.4,15,33.2,20.9,25.0
Mine_I_Tirodi,21.683,79.717,2021,7,213.4,19,31.1,21.4,24.12903225806452
Mine_I_Tirodi,21.683,79.717,2021,8,107.0,17,29.8,20.9,24.38387096774193
Mine_I_Tirodi,21.683,79.717,2021,9,117.0,15,30.0,20.5,24.27
Mine_I_Tirodi,21.683,79.717,2021,10,174.3,12,31.0,19.1,24.81935483870968
Mine_I_Tirodi,21.683,79.717,2021,11,185.7,14,29.1,17.8,23.196666666666665
Mine_I_Tirodi,21.683,79.717,2021,12,16.2,2,29.4,15.3,22.25483870967742
Mine_I_Tirodi,21.683,79.717,2022,1,3.5,0,31.4,15.1,22.88064516129032
Mine_I_Tirodi,21.683,79.717,2022,2,0.0,0,33.8,15.3,25.22142857142857
Mine_I_Tirodi,21.683,79.717,2022,3,0.6000000000000001,0,37.8,20.1,28.70967741935484
Mine_I_Tirodi,21.683,79.717,2022,4,19.2,3,39.5,22.2,30.60666666666667
Mine_I_Tirodi,21.683,79.717,2022,5,136.8,10,37.8,20.4,26.75483870967742
Mine_I_Tirodi,21.683,79.717,2022,6,77.4,9,34.5,21.6,25.81
Mine_I_Tirodi,21.683,79.717,2022,7,184.3,19,30.9,20.7,23.96451612903226
Mine_I_Tirodi,21.683,79.717,2022,8,180.8,17,29.9,20.5,24.07741935483871
Mine_I_Tirodi,21.683,79.717,2022,9,145.3,14,30.2,18.8,24.06
Mine_I_Tirodi,21.683,79.717,2022,10,156.8,13,29.2,16.9,23.55806451612903
Mine_I_Tirodi,21.683,79.717,2022,11,17.7,2,30.2,15.1,23.56
Mine_I_Tirodi,21.683,79.717,2022,12,27.0,4,30.7,16.7,23.23225806451613
Mine_I_Tirodi,21.683,79.717,2023,1,0.0,0,31.3,15.1,23.13225806451613
Mine_I_Tirodi,21.683,79.717,2023,2,0.0,0,34.4,17.2,26.207142857142856
Mine_I_Tirodi,21.683,79.717,2023,3,0.8,0,36.5,19.1,27.874193548387098
Mine_I_Tirodi,21.683,79.717,2023,4,17.6,2,39.9,21.6,30.246666666666663
Mine_I_Tirodi,21.683,79.717,2023,5,46.8,5,38.6,21.0,29.38387096774193
Mine_I_Tirodi,21.683,79.717,2023,6,22.3,1,36.8,22.2,28.19
Mine_I_Tirodi,21.683,79.717,2023,7,191.8,23,32.4,21.0,24.39032258064516
Mine_I_Tirodi,21.683,79.717,2023,8,46.1,4,32.0,20.8,25.51935483870968
Mine_I_Tirodi,21.683,79.717,2023,9,78.3,9,32.4,21.3,25.363333333333333
Mine_I_Tirodi,21.683,79.717,2023,10,22.8,2,35.6,20.4,27.91935483870968
Mine_I_Tirodi,21.683,79.717,2023,11,30.5,5,33.7,20.4,25.773333333333333
Mine_I_Tirodi,21.683,79.717,2023,12,11.4,2,31.5,17.3,24.096774193548388
Mine_I_Tirodi,21.683,79.717,2024,1,0.3,0,32.7,17.8,25.27741935483871
Mine_I_Tirodi,21.683,79.717,2024,2,0.0,0,36.0,18.2,28.04827586206897
Mine_I_Tirodi,21.683,79.717,2024,3,0.0,0,40.3,21.5,30.983870967741936
Mine_I_Tirodi,21.683,79.717,2024,4,48.1,3,42.2,22.5,32.43
Mine_I_Tirodi,21.683,79.717,2024,5,62.2,6,40.9,23.0,29.9741935483871
Mine_I_Tirodi,21.683,79.717,2024,6,125.0,15,35.9,22.0,25.84
Mine_I_Tirodi,21.683,79.717,2024,7,142.0,17,30.8,21.7,24.38387096774193
Mine_I_Tirodi,21.683,79.717,2024,8,181.2,18,31.3,21.5,24.783870967741933
Mine_I_Tirodi,21.683,79.717,2024,9,111.9,14,30.8,19.9,24.49
Mine_I_Tirodi,21.683,79.717,2024,10,169.4,15,31.2,18.8,24.677419354838708
Mine_I_Tirodi,21.683,79.717,2024,11,17.1,2,30.1,15.7,23.61
Mine_I_Tirodi,21.683,79.717,2024,12,34.1,3,30.0,15.4,23.4
Mine_I_Tirodi,21.683,79.717,2025,1,0.4,0,32.0,16.5,22.97741935483871
Mine_I_Tirodi,21.683,79.717,2025,2,0.0,0,34.9,19.3,26.78214285714285
Mine_I_Tirodi,21.683,79.717,2025,3,1.5,0,38.0,20.8,29.293548387096774
Mine_I_Tirodi,21.683,79.717,2025,4,33.6,2,37.5,21.2,29.346666666666668
Mine_I_Tirodi,21.683,79.717,2025,5,103.0,13,36.4,21.7,27.23548387096774
Mine_I_Tirodi,21.683,79.717,2025,6,103.3,6,33.0,21.5,25.69333333333333
Mine_I_Tirodi,21.683,79.717,2025,7,134.5,19,30.3,21.0,24.44516129032258
Mine_I_Tirodi,21.683,79.717,2025,8,232.3,21,30.6,20.3,23.9741935483871
Mine_I_Tirodi,21.683,79.717,2025,9,239.6,22,30.0,20.2,23.863333333333333
Mine_I_Tirodi,21.683,79.717,2025,10,107.8,12,29.8,19.9,24.374193548387098
Mine_I_Tirodi,21.683,79.717,2025,11,10.3,0,29.4,15.8,23.10333333333333
Mine_I_Tirodi,21.683,79.717,2025,12,6.6000000000000005,1,28.9,14.5,21.40967741935484
Mine_J_Sitapatore,21.717,79.8,2016,1,4.4,1,33.7,16.0,24.793548387096774
Mine_J_Sitapatore,21.717,79.8,2016,2,0.0,0,37.3,18.0,28.079310344827583
Mine_J_Sitapatore,21.717,79.8,2016,3,0.7,0,40.0,22.2,30.864516129032257
Mine_J_Sitapatore,21.717,79.8,2016,4,0.3,0,40.8,24.8,32.46333333333333
Mine_J_Sitapatore,21.717,79.8,2016,5,24.5,2,39.3,24.2,30.861290322580647
Mine_J_Sitapatore,21.717,79.8,2016,6,173.4,20,37.1,22.1,25.84333333333333
Mine_J_Sitapatore,21.717,79.8,2016,7,212.5,15,30.1,21.7,24.748387096774195
Mine_J_Sitapatore,21.717,79.8,2016,8,46.7,4,29.8,21.7,24.90967741935484
Mine_J_Sitapatore,21.717,79.8,2016,9,141.6,11,30.4,20.9,24.453333333333333
Mine_J_Sitapatore,21.717,79.8,2016,10,5.9,0,31.3,17.9,25.17419354838709
Mine_J_Sitapatore,21.717,79.8,2016,11,9.0,1,32.8,15.8,24.80333333333333
Mine_J_Sitapatore,21.717,79.8,2016,12,19.1,1,31.2,13.7,23.677419354838708
Mine_J_Sitapatore,21.717,79.8,2017,1,0.1,0,32.9,16.2,24.39032258064516
Mine_J_Sitapatore,21.717,79.8,2017,2,0.0,0,35.8,18.0,26.535714285714285
Mine_J_Sitapatore,21.717,79.8,2017,3,3.2,0,39.7,19.8,29.1
Mine_J_Sitapatore,21.717,79.8,2017,4,2.5,0,39.4,23.3,30.886666666666667
Mine_J_Sitapatore,21.717,79.8,2017,5,19.0,1,38.5,24.5,30.60322580645161
Mine_J_Sitapatore,21.717,79.8,2017,6,140.2,14,34.5,22.1,25.863333333333333
Mine_J_Sitapatore,21.717,79.8,2017,7,34.7,2,32.9,22.4,25.8
Mine_J_Sitapatore,21.717,79.8,2017,8,98.5,13,32.5,22.0,25.606451612903225
Mine_J_Sitapatore,21.717,79.8,2017,9,204.1,18,31.5,21.6,25.49
Mine_J_Sitapatore,21.717,79.8,2017,10,123.6,14,30.5,18.9,24.93548387096774
Mine_J_Sitapatore,21.717,79.8,2017,11,13.7,1,32.0,16.5,24.846666666666668
Mine_J_Sitapatore,21.717,79.8,2017,12,1.4,0,31.5,15.2,23.63225806451613
Mine_J_Sitapatore,21.717,79.8,2018,1,0.0,0,32.5,15.6,23.62903225806452
Mine_J_Sitapatore,21.717,79.8,2018,2,5.4,1,34.2,15.7,25.107142857142858
Mine_J_Sitapatore,21.717,79.8,2018,3,11.3,2,37.7,19.2,28.490322580645163
Mine_J_Sitapatore,21.717,79.8,2018,4,11.6,1,38.9,22.8,30.12333333333333
Mine_J_Sitapatore,21.717,79.8,2018,5,38.5,4,39.0,24.2,29.80967741935484
Mine_J_Sitapatore,21.717,79.8,2018,6,151.5,8,33.9,22.3,25.78
Mine_J_Sitapatore,21.717,79.8,2018,7,91.1,11,30.4,22.0,24.780645161290323
Mine_J_Sitapatore,21.717,79.8,2018,8,117.5,13,30.7,21.5,24.53548387096774
Mine_J_Sitapatore,21.717,79.8,2018,9,68.7,8,33.3,20.5,25.766666666666666
Mine_J_Sitapatore,21.717,79.8,2018,10,39.0,3,36.6,17.6,27.270967741935483
Mine_J_Sitapatore,21.717,79.8,2018,11,10.7,1,34.4,17.5,25.92
Mine_J_Sitapatore,21.717,79.8,2018,12,3.7000000000000006,0,32.9,15.5,24.61935483870968
Mine_J_Sitapatore,21.717,79.8,2019,1,1.6,0,32.0,14.7,23.32258064516129
Mine_J_Sitapatore,21.717,79.8,2019,2,1.4,0,37.5,18.2,27.260714285714283
Mine_J_Sitapatore,21.717,79.8,2019,3,0.4,0,37.8,19.3,29.85483870967742
Mine_J_Sitapatore,21.717,79.8,2019,4,7.8,1,39.3,23.9,30.986666666666668
Mine_J_Sitapatore,21.717,79.8,2019,5,5.5,1,40.0,21.6,30.98709677419355
Mine_J_Sitapatore,21.717,79.8,2019,6,104.3,8,37.3,22.8,27.726666666666667
Mine_J_Sitapatore,21.717,79.8,2019,7,128.0,15,31.3,21.9,25.20967741935484
Mine_J_Sitapatore,21.717,79.8,2019,8,149.8,21,29.9,21.9,24.77741935483871
Mine_J_Sitapatore,21.717,79.8,2019,9,210.8,15,30.3,21.5,24.78333333333333
Mine_J_Sitapatore,21.717,79.8,2019,10,215.9,24,29.6,19.8,24.53548387096774
Mine_J_Sitapatore,21.717,79.8,2019,11,26.0,3,31.1,18.9,25.08
Mine_J_Sitapatore,21.717,79.8,2019,12,26.3,3,30.9,18.0,23.63225806451613
Mine_J_Sitapatore,21.717,79.8,2020,1,7.6,1,33.3,16.9,24.73548387096774
Mine_J_Sitapatore,21.717,79.8,2020,2,0.5,0,34.6,18.5,26.36206896551724
Mine_J_Sitapatore,21.717,79.8,2020,3,1.2,0,38.1,21.4,29.24516129032258
Mine_J_Sitapatore,21.717,79.8,2020,4,1.2,0,38.5,23.5,30.876666666666665
Mine_J_Sitapatore,21.717,79.8,2020,5,13.0,2,38.3,24.0,31.0258064516129
Mine_J_Sitapatore,21.717,79.8,2020,6,117.9,11,33.9,22.3,26.5
Mine_J_Sitapatore,21.717,79.8,2020,7,245.5,21,31.3,21.9,24.98709677419355
Mine_J_Sitapatore,21.717,79.8,2020,8,126.3,14,30.6,21.8,24.58709677419355
Mine_J_Sitapatore,21.717,79.8,2020,9,209.8,23,31.5,21.7,24.91333333333333
Mine_J_Sitapatore,21.717,79.8,2020,10,134.0,12,30.7,19.2,24.68387096774193
Mine_J_Sitapatore,21.717,79.8,2020,11,17.8,2,31.6,15.5,24.19
Mine_J_Sitapatore,21.717,79.8,2020,12,8.399999999999999,1,31.5,15.3,23.69032258064516
Mine_J_Sitapatore,21.717,79.8,2021,1,4.1,0,32.2,17.1,24.538709677419355
Mine_J_Sitapatore,21.717,79.8,2021,2,3.8,1,35.1,16.8,24.775
Mine_J_Sitapatore,21.717,79.8,2021,3,0.0,0,38.8,19.5,29.006451612903227
Mine_J_Sitapatore,21.717,79.8,2021,4,7.0,2,38.6,21.9,30.146666666666665
Mine_J_Sitapatore,21.717,79.8,2021,5,61.2,8,37.0,22.6,28.74516129032258
Mine_J_Sitapatore,21.717,79.8,2021,6,154.2,13,34.7,21.4,25.75
Mine_J_Sitapatore,21.717,79.8,2021,7,217.6,15,31.6,22.0,24.83870967741936
Mine_J_Sitapatore,21.717,79.8,2021,8,100.9,12,30.9,21.5,25.193548387096776
Mine_J_Sitapatore,21.717,79.8,2021,9,108.4,11,30.5,21.6,24.99333333333333
Mine_J_Sitapatore,21.717,79.8,2021,10,126.6,11,32.6,18.3,25.458064516129035
Mine_J_Sitapatore,21.717,79.8,2021,11,165.9,12,29.6,17.5,23.616666666666667
Mine_J_Sitapatore,21.717,79.8,2021,12,25.4,2,30.6,14.2,22.748387096774195
Mine_J_Sitapatore,21.717,79.8,2022,1,3.3,0,32.3,16.0,23.31935483870968
Mine_J_Sitapatore,21.717,79.8,2022,2,0.0,0,34.6,16.5,25.74642857142857
Mine_J_Sitapatore,21.717,79.8,2022,3,1.9,0,39.0,20.0,29.01290322580645
Mine_J_Sitapatore,21.717,79.8,2022,4,3.3000000000000003,0,40.1,23.3,31.273333333333333
Mine_J_Sitapatore,21.717,79.8,2022,5,123.1,8,40.0,20.4,27.703225806451613
Mine_J_Sitapatore,21.717,79.8,2022,6,66.6,11,36.0,22.4,26.453333333333333
Mine_J_Sitapatore,21.717,79.8,2022,7,176.2,16,30.8,21.2,24.59354838709677
Mine_J_Sitapatore,21.717,79.8,2022,8,180.5,14,30.6,21.3,24.793548387096774
Mine_J_Sitapatore,21.717,79.8,2022,9,162.5,12,30.3,20.0,24.696666666666665
Mine_J_Sitapatore,21.717,79.8,2022,10,156.0,12,30.2,17.0,23.89032258064516
Mine_J_Sitapatore,21.717,79.8,2022,11,15.9,3,31.5,15.1,24.37333333333333
Mine_J_Sitapatore,21.717,79.8,2022,12,18.9,3,32.5,15.9,24.16774193548387
Mine_J_Sitapatore,21.717,79.8,2023,1,0.0,0,32.1,14.4,23.94193548387097
Mine_J_Sitapatore,21.717,79.8,2023,2,0.0,0,35.4,16.1,26.65357142857143
Mine_J_Sitapatore,21.717,79.8,2023,3,0.3999999999999999,0,36.5,20.0,28.461290322580645
Mine_J_Sitapatore,21.717,79.8,2023,4,35.0,2,41.1,22.2,30.616666666666667
Mine_J_Sitapatore,21.717,79.8,2023,5,29.4,2,40.0,23.3,30.470967741935485
Mine_J_Sitapatore,21.717,79.8,2023,6,17.4,1,38.2,22.6,28.9
Mine_J_Sitapatore,21.717,79.8,2023,7,160.1,21,33.2,21.5,25.09354838709677
Mine_J_Sitapatore,21.717,79.8,2023,8,37.7,3,32.9,21.8,26.432258064516127
Mine_J_Sitapatore,21.717,79.8,2023,9,103.7,9,33.6,22.3,26.166666666666668
Mine_J_Sitapatore,21.717,79.8,2023,10,18.5,3,37.0,20.4,28.548387096774192
Mine_J_Sitapatore,21.717,79.8,2023,11,37.9,4,34.6,20.4,26.35333333333333
Mine_J_Sitapatore,21.717,79.8,2023,12,6.800000000000001,0,32.2,16.5,24.9
Mine_J_Sitapatore,21.717,79.8,2024,1,0.5,0,33.0,18.3,25.81290322580645
Mine_J_Sitapatore,21.717,79.8,2024,2,0.0,0,36.7,18.4,28.49310344827586
Mine_J_Sitapatore,21.717,79.8,2024,3,0.1,0,40.8,22.7,31.41935483870968
Mine_J_Sitapatore,21.717,79.8,2024,4,33.7,3,42.1,24.1,32.71333333333333
Mine_J_Sitapatore,21.717,79.8,2024,5,60.4,4,42.1,23.7,30.59354838709677
Mine_J_Sitapatore,21.717,79.8,2024,6,138.7,13,36.7,22.6,26.43
Mine_J_Sitapatore,21.717,79.8,2024,7,133.4,17,31.8,22.3,25.10967741935484
Mine_J_Sitapatore,21.717,79.8,2024,8,176.7,20,31.7,22.0,25.39354838709677
Mine_J_Sitapatore,21.717,79.8,2024,9,90.9,13,31.7,21.1,25.226666666666667
Mine_J_Sitapatore,21.717,79.8,2024,10,166.8,15,32.3,20.1,25.02258064516129
Mine_J_Sitapatore,21.717,79.8,2024,11,14.9,2,30.8,15.1,24.14
Mine_J_Sitapatore,21.717,79.8,2024,12,24.7,2,31.5,15.0,24.32903225806452
Mine_J_Sitapatore,21.717,79.8,2025,1,0.2,0,32.8,16.2,23.80967741935484
Mine_J_Sitapatore,21.717,79.8,2025,2,0.0,0,35.7,18.6,27.39642857142857
Mine_J_Sitapatore,21.717,79.8,2025,3,0.2,0,39.5,19.1,29.787096774193547
Mine_J_Sitapatore,21.717,79.8,2025,4,18.0,1,39.3,22.3,30.61
Mine_J_Sitapatore,21.717,79.8,2025,5,99.9,12,39.6,22.0,28.561290322580643
Mine_J_Sitapatore,21.717,79.8,2025,6,98.4,7,34.4,22.3,26.546666666666667
Mine_J_Sitapatore,21.717,79.8,2025,7,147.0,16,32.2,22.0,25.335483870967742
Mine_J_Sitapatore,21.717,79.8,2025,8,224.2,22,31.6,21.3,24.716129032258067
Mine_J_Sitapatore,21.717,79.8,2025,9,241.2,20,30.6,21.1,24.633333333333333
Mine_J_Sitapatore,21.717,79.8,2025,10,80.89999999999999,8,31.0,20.5,25.006451612903227
Mine_J_Sitapatore,21.717,79.8,2025,11,22.3,2,30.9,15.8,23.94333333333333
Mine_J_Sitapatore,21.717,79.8,2025,12,3.1000000000000005,1,29.4,13.8,21.73548387096774
