mine_id,month,year,planned_production_tpd,rainfall_mm,equipment_availability_pct,blasting_days,haul_road_condition,crusher_capacity_tpd,num_dumpers,num_shovels,lag_1,lag_2,lag_3
Mine_A_Dongri_Buzurg,1,2026,1856.3580035629643,10,0.92,20,4,2227.629604275557,7,3,958.2848784657511,1057.8887426190693,1234.481995253618
Mine_A_Dongri_Buzurg,2,2026,1779.1154337202731,10,0.92,20,4,2134.9385204643277,7,3,1057.8887426190693,1234.481995253618,1234.481995253618
Mine_A_Dongri_Buzurg,3,2026,1291.4178777238726,10,0.92,20,4,1549.7014532686471,7,3,1234.481995253618,1234.481995253618,1234.481995253618
Mine_A_Dongri_Buzurg,4,2026,1143.6123614372862,10,0.92,20,4,1372.3348337247432,7,3,1234.481995253618,1234.481995253618,1234.481995253618
Mine_A_Dongri_Buzurg,5,2026,1392.7931809413694,10,0.92,20,4,1671.3518171296432,7,3,1234.481995253618,1234.481995253618,1234.481995253618
Mine_A_Dongri_Buzurg,6,2026,1624.5517461014765,320,0.72,10,2,1949.4620953217718,7,3,1234.481995253618,1234.481995253618,1234.481995253618
Mine_A_Dongri_Buzurg,7,2026,1676.2469616985352,320,0.72,10,2,2011.496354038242,7,3,1234.481995253618,1234.481995253618,1234.481995253618
Mine_A_Dongri_Buzurg,8,2026,1200.430119041522,320,0.72,10,2,1440.5161428498263,7,3,1234.481995253618,1234.481995253618,1234.481995253618
Mine_A_Dongri_Buzurg,9,2026,1249.40190210389,320,0.72,10,2,1499.282282524668,7,3,1234.481995253618,1234.481995253618,1234.481995253618
Mine_A_Dongri_Buzurg,10,2026,1930.1012190753504,10,0.92,20,4,2316.1214628904204,7,3,1234.481995253618,1234.481995253618,1234.481995253618
Mine_A_Dongri_Buzurg,11,2026,1385.0598149013413,10,0.92,20,4,1662.0717778816095,7,3,1234.481995253618,1234.481995253618,1234.481995253618
Mine_A_Dongri_Buzurg,12,2026,1314.1426353669178,10,0.92,20,4,1576.9711624403014,7,3,1234.481995253618,1234.481995253618,1234.481995253618
Mine_B_Chikla,1,2026,1017.4261450460509,10,0.92,20,4,1220.9113740552611,7,3,624.1544870135245,615.361169274794,845.8225024003044
Mine_B_Chikla,2,2026,880.7262532331582,10,0.92,20,4,1056.8715038797898,7,3,615.361169274794,845.8225024003044,845.8225024003044
Mine_B_Chikla,3,2026,748.0811662698268,10,0.92,20,4,897.6973995237921,7,3,845.8225024003044,845.8225024003044,845.8225024003044
Mine_B_Chikla,4,2026,845.5782930160395,10,0.92,20,4,1014.6939516192474,7,3,845.8225024003044,845.8225024003044,845.8225024003044
Mine_B_Chikla,5,2026,686.5171659436694,10,0.92,20,4,823.8205991324032,7,3,845.8225024003044,845.8225024003044,845.8225024003044
Mine_B_Chikla,6,2026,767.7382203305953,320,0.72,10,2,921.2858643967143,7,3,845.8225024003044,845.8225024003044,845.8225024003044
Mine_B_Chikla,7,2026,851.0775290848516,320,0.72,10,2,1021.2930349018218,7,3,845.8225024003044,845.8225024003044,845.8225024003044
Mine_B_Chikla,8,2026,910.7963289400965,320,0.72,10,2,1092.9555947281158,7,3,845.8225024003044,845.8225024003044,845.8225024003044
Mine_B_Chikla,9,2026,1044.994412580172,320,0.72,10,2,1253.9932950962063,7,3,845.8225024003044,845.8225024003044,845.8225024003044
Mine_B_Chikla,10,2026,830.9661548965438,10,0.92,20,4,997.1593858758525,7,3,845.8225024003044,845.8225024003044,845.8225024003044
Mine_B_Chikla,11,2026,927.4227941897732,10,0.92,20,4,1112.9073530277278,7,3,845.8225024003044,845.8225024003044,845.8225024003044
Mine_B_Chikla,12,2026,1170.6037793047917,10,0.92,20,4,1404.72453516575,7,3,845.8225024003044,845.8225024003044,845.8225024003044
Mine_C_Munsar,1,2026,1090.9897750531354,10,0.92,20,4,1309.1877300637625,7,3,675.7705942587875,453.4467863713774,544.8550623968406
Mine_C_Munsar,2,2026,742.2052950338112,10,0.92,20,4,890.6463540405734,7,3,453.4467863713774,544.8550623968406,544.8550623968406
Mine_C_Munsar,3,2026,728.0899991397712,10,0.92,20,4,873.7079989677254,7,3,544.8550623968406,544.8550623968406,544.8550623968406
Mine_C_Munsar,4,2026,997.6178990087053,10,0.92,20,4,1197.1414788104464,7,3,544.8550623968406,544.8550623968406,544.8550623968406
Mine_C_Munsar,5,2026,957.1979608854369,10,0.92,20,4,1148.6375530625244,7,3,544.8550623968406,544.8550623968406,544.8550623968406
Mine_C_Munsar,6,2026,928.1237759413616,320,0.72,10,2,1113.7485311296339,7,3,544.8550623968406,544.8550623968406,544.8550623968406
Mine_C_Munsar,7,2026,692.5024685830423,320,0.72,10,2,831.0029622996507,7,3,544.8550623968406,544.8550623968406,544.8550623968406
Mine_C_Munsar,8,2026,817.570589223674,320,0.72,10,2,981.0847070684088,7,3,544.8550623968406,544.8550623968406,544.8550623968406
Mine_C_Munsar,9,2026,1055.6223217094819,320,0.72,10,2,1266.7467860513782,7,3,544.8550623968406,544.8550623968406,544.8550623968406
Mine_C_Munsar,10,2026,1034.1528440986604,10,0.92,20,4,1240.9834129183923,7,3,544.8550623968406,544.8550623968406,544.8550623968406
Mine_C_Munsar,11,2026,699.1042866384356,10,0.92,20,4,838.9251439661227,7,3,544.8550623968406,544.8550623968406,544.8550623968406
Mine_C_Munsar,12,2026,856.1159297991901,10,0.92,20,4,1027.3391157590281,7,3,544.8550623968406,544.8550623968406,544.8550623968406
Mine_E_Kandri,1,2026,577.0854038526766,10,0.92,20,4,692.5024846232119,7,3,545.7234222702307,344.5962883077346,391.88160496484204
Mine_E_Kandri,2,2026,603.4327315345699,10,0.92,20,4,724.119277841484,7,3,344.5962883077346,391.88160496484204,391.88160496484204
Mine_E_Kandri,3,2026,584.4633868415075,10,0.92,20,4,701.356064209809,7,3,391.88160496484204,391.88160496484204,391.88160496484204
Mine_E_Kandri,4,2026,600.6862609103596,10,0.92,20,4,720.8235130924314,7,3,391.88160496484204,391.88160496484204,391.88160496484204
Mine_E_Kandri,5,2026,725.2577833089513,10,0.92,20,4,870.3093399707415,7,3,391.88160496484204,391.88160496484204,391.88160496484204
Mine_E_Kandri,6,2026,555.7870659538228,320,0.72,10,2,666.9444791445873,7,3,391.88160496484204,391.88160496484204,391.88160496484204
Mine_E_Kandri,7,2026,620.8101115162569,320,0.72,10,2,744.9721338195083,7,3,391.88160496484204,391.88160496484204,391.88160496484204
Mine_E_Kandri,8,2026,642.7067758671234,320,0.72,10,2,771.2481310405481,7,3,391.88160496484204,391.88160496484204,391.88160496484204
Mine_E_Kandri,9,2026,776.92201883348,320,0.72,10,2,932.306422600176,7,3,391.88160496484204,391.88160496484204,391.88160496484204
Mine_E_Kandri,10,2026,661.8945018258548,10,0.92,20,4,794.2734021910258,7,3,391.88160496484204,391.88160496484204,391.88160496484204
Mine_E_Kandri,11,2026,452.2732847281238,10,0.92,20,4,542.7279416737485,7,3,391.88160496484204,391.88160496484204,391.88160496484204
Mine_E_Kandri,12,2026,632.9830646859367,10,0.92,20,4,759.579677623124,7,3,391.88160496484204,391.88160496484204,391.88160496484204
Mine_F_Gumgaon,1,2026,664.7675719104768,10,0.92,20,4,797.7210862925722,7,3,322.7753061902766,631.9636120422107,483.0574056534783
Mine_F_Gumgaon,2,2026,403.80065937007885,10,0.92,20,4,484.5607912440946,7,3,631.9636120422107,483.0574056534783,483.0574056534783
Mine_F_Gumgaon,3,2026,430.122360680076,10,0.92,20,4,516.1468328160912,7,3,483.0574056534783,483.0574056534783,483.0574056534783
Mine_F_Gumgaon,4,2026,407.59923803815326,10,0.92,20,4,489.1190856457839,7,3,483.0574056534783,483.0574056534783,483.0574056534783
Mine_F_Gumgaon,5,2026,419.3011791691706,10,0.92,20,4,503.1614150030047,7,3,483.0574056534783,483.0574056534783,483.0574056534783
Mine_F_Gumgaon,6,2026,435.866021412431,320,0.72,10,2,523.0392256949171,7,3,483.0574056534783,483.0574056534783,483.0574056534783
Mine_F_Gumgaon,7,2026,783.1261967745575,320,0.72,10,2,939.7514361294689,7,3,483.0574056534783,483.0574056534783,483.0574056534783
Mine_F_Gumgaon,8,2026,482.68835558176033,320,0.72,10,2,579.2260266981124,7,3,483.0574056534783,483.0574056534783,483.0574056534783
Mine_F_Gumgaon,9,2026,481.8230931102863,320,0.72,10,2,578.1877117323436,7,3,483.0574056534783,483.0574056534783,483.0574056534783
Mine_F_Gumgaon,10,2026,742.9677920328289,10,0.92,20,4,891.5613504393947,7,3,483.0574056534783,483.0574056534783,483.0574056534783
Mine_F_Gumgaon,11,2026,701.1026188596682,10,0.92,20,4,841.3231426316017,7,3,483.0574056534783,483.0574056534783,483.0574056534783
Mine_F_Gumgaon,12,2026,670.3261472173253,10,0.92,20,4,804.3913766607903,7,3,483.0574056534783,483.0574056534783,483.0574056534783
Mine_G_Beldongri,1,2026,568.6941383568503,10,0.92,20,4,682.4329660282203,7,3,287.3462626131114,317.07412146928425,289.76068956667893
Mine_G_Beldongri,2,2026,412.4707992518212,10,0.92,20,4,494.9649591021854,7,3,317.07412146928425,289.76068956667893,289.76068956667893
Mine_G_Beldongri,3,2026,730.6159177853492,10,0.92,20,4,876.7391013424191,7,3,289.76068956667893,289.76068956667893,289.76068956667893
Mine_G_Beldongri,4,2026,744.3185045557377,10,0.92,20,4,893.1822054668852,7,3,289.76068956667893,289.76068956667893,289.76068956667893
Mine_G_Beldongri,5,2026,592.7172288799977,10,0.92,20,4,711.2606746559973,7,3,289.76068956667893,289.76068956667893,289.76068956667893
Mine_G_Beldongri,6,2026,657.9536371117108,320,0.72,10,2,789.544364534053,7,3,289.76068956667893,289.76068956667893,289.76068956667893
Mine_G_Beldongri,7,2026,591.0617245076494,320,0.72,10,2,709.2740694091792,7,3,289.76068956667893,289.76068956667893,289.76068956667893
Mine_G_Beldongri,8,2026,518.4635208441936,320,0.72,10,2,622.1562250130322,7,3,289.76068956667893,289.76068956667893,289.76068956667893
Mine_G_Beldongri,9,2026,616.1181879418061,320,0.72,10,2,739.3418255301673,7,3,289.76068956667893,289.76068956667893,289.76068956667893
Mine_G_Beldongri,10,2026,675.4395358646536,10,0.92,20,4,810.5274430375844,7,3,289.76068956667893,289.76068956667893,289.76068956667893
Mine_G_Beldongri,11,2026,461.8225978491723,10,0.92,20,4,554.1871174190068,7,3,289.76068956667893,289.76068956667893,289.76068956667893
Mine_G_Beldongri,12,2026,612.2861976259369,10,0.92,20,4,734.7434371511242,7,3,289.76068956667893,289.76068956667893,289.76068956667893
Mine_D_Balaghat,1,2026,1775.959715647517,10,0.92,20,4,2131.15165877702,7,3,1006.0351358678708,1141.5574947081982,1308.5990572145415
Mine_D_Balaghat,2,2026,1475.5907871149952,10,0.92,20,4,1770.7089445379943,7,3,1141.5574947081982,1308.5990572145415,1308.5990572145415
Mine_D_Balaghat,3,2026,1156.8944589748266,10,0.92,20,4,1388.273350769792,7,3,1308.5990572145415,1308.5990572145415,1308.5990572145415
Mine_D_Balaghat,4,2026,1869.7250248380356,10,0.92,20,4,2243.6700298056426,7,3,1308.5990572145415,1308.5990572145415,1308.5990572145415
Mine_D_Balaghat,5,2026,1673.858852239764,10,0.92,20,4,2008.6306226877168,7,3,1308.5990572145415,1308.5990572145415,1308.5990572145415
Mine_D_Balaghat,6,2026,1632.5278525313204,420,0.72,10,2,1959.0334230375843,7,3,1308.5990572145415,1308.5990572145415,1308.5990572145415
Mine_D_Balaghat,7,2026,1651.6712977011623,420,0.72,10,2,1982.0055572413946,7,3,1308.5990572145415,1308.5990572145415,1308.5990572145415
Mine_D_Balaghat,8,2026,1245.0602944960822,420,0.72,10,2,1494.0723533952985,7,3,1308.5990572145415,1308.5990572145415,1308.5990572145415
Mine_D_Balaghat,9,2026,1492.31357296217,420,0.72,10,2,1790.7762875546039,7,3,1308.5990572145415,1308.5990572145415,1308.5990572145415
Mine_D_Balaghat,10,2026,1325.9874391026992,10,0.92,20,4,1591.1849269232391,7,3,1308.5990572145415,1308.5990572145415,1308.5990572145415
Mine_D_Balaghat,11,2026,1833.5274916585022,10,0.92,20,4,2200.2329899902024,7,3,1308.5990572145415,1308.5990572145415,1308.5990572145415
Mine_D_Balaghat,12,2026,1588.763805200444,10,0.92,20,4,1906.5165662405327,7,3,1308.5990572145415,1308.5990572145415,1308.5990572145415
Mine_H_Ukwa,1,2026,1030.3762846502445,10,0.92,20,4,1236.4515415802935,7,3,640.2751411369981,688.8466880058581,544.9051878320776
Mine_H_Ukwa,2,2026,996.1808416885303,10,0.92,20,4,1195.4170100262363,7,3,688.8466880058581,544.9051878320776,544.9051878320776
Mine_H_Ukwa,3,2026,890.2322467244217,10,0.92,20,4,1068.2786960693059,7,3,544.9051878320776,544.9051878320776,544.9051878320776
Mine_H_Ukwa,4,2026,1082.9131643807248,10,0.92,20,4,1299.4957972568698,7,3,544.9051878320776,544.9051878320776,544.9051878320776
Mine_H_Ukwa,5,2026,969.2200898777267,10,0.92,20,4,1163.064107853272,7,3,544.9051878320776,544.9051878320776,544.9051878320776
Mine_H_Ukwa,6,2026,736.071277478813,420,0.72,10,2,883.2855329745756,7,3,544.9051878320776,544.9051878320776,544.9051878320776
Mine_H_Ukwa,7,2026,774.4487435777231,420,0.72,10,2,929.3384922932677,7,3,544.9051878320776,544.9051878320776,544.9051878320776
Mine_H_Ukwa,8,2026,1096.1804594687915,420,0.72,10,2,1315.4165513625496,7,3,544.9051878320776,544.9051878320776,544.9051878320776
Mine_H_Ukwa,9,2026,1164.7388158175922,420,0.72,10,2,1397.6865789811106,7,3,544.9051878320776,544.9051878320776,544.9051878320776
Mine_H_Ukwa,10,2026,928.8021823484248,10,0.92,20,4,1114.5626188181097,7,3,544.9051878320776,544.9051878320776,544.9051878320776
Mine_H_Ukwa,11,2026,831.3243962726912,10,0.92,20,4,997.5892755272293,7,3,544.9051878320776,544.9051878320776,544.9051878320776
Mine_H_Ukwa,12,2026,975.0071277070604,10,0.92,20,4,1170.0085532484725,7,3,544.9051878320776,544.9051878320776,544.9051878320776
Mine_I_Tirodi,1,2026,890.1040022006573,10,0.92,20,4,1068.1248026407886,7,3,475.3906379872182,526.8557772130774,928.9703526910807
Mine_I_Tirodi,2,2026,1105.016794921954,10,0.92,20,4,1326.0201539063448,7,3,526.8557772130774,928.9703526910807,928.9703526910807
Mine_I_Tirodi,3,2026,1099.7967677002757,10,0.92,20,4,1319.756121240331,7,3,928.9703526910807,928.9703526910807,928.9703526910807
Mine_I_Tirodi,4,2026,873.6921674138873,10,0.92,20,4,1048.4306008966648,7,3,928.9703526910807,928.9703526910807,928.9703526910807
Mine_I_Tirodi,5,2026,1082.7493318265142,10,0.92,20,4,1299.299198191817,7,3,928.9703526910807,928.9703526910807,928.9703526910807
Mine_I_Tirodi,6,2026,715.7738033941132,420,0.72,10,2,858.9285640729358,7,3,928.9703526910807,928.9703526910807,928.9703526910807
Mine_I_Tirodi,7,2026,824.348420386261,420,0.72,10,2,989.2181044635131,7,3,928.9703526910807,928.9703526910807,928.9703526910807
Mine_I_Tirodi,8,2026,647.7610762660765,420,0.72,10,2,777.3132915192919,7,3,928.9703526910807,928.9703526910807,928.9703526910807
Mine_I_Tirodi,9,2026,1084.6765488649605,420,0.72,10,2,1301.6118586379525,7,3,928.9703526910807,928.9703526910807,928.9703526910807
Mine_I_Tirodi,10,2026,1185.1458794015061,10,0.92,20,4,1422.1750552818073,7,3,928.9703526910807,928.9703526910807,928.9703526910807
Mine_I_Tirodi,11,2026,946.0585917662991,10,0.92,20,4,1135.2703101195589,7,3,928.9703526910807,928.9703526910807,928.9703526910807
Mine_I_Tirodi,12,2026,1059.8977769009632,10,0.92,20,4,1271.8773322811558,7,3,928.9703526910807,928.9703526910807,928.9703526910807
Mine_J_Sitapatore,1,2026,560.6376395540128,10,0.92,20,4,672.7651674648154,7,3,497.0994202308329,593.7872976782882,419.85574711231936
Mine_J_Sitapatore,2,2026,624.6211998046272,10,0.92,20,4,749.5454397655526,7,3,593.7872976782882,419.85574711231936,419.85574711231936
Mine_J_Sitapatore,3,2026,538.942284982426,10,0.92,20,4,646.7307419789112,7,3,419.85574711231936,419.85574711231936,419.85574711231936
Mine_J_Sitapatore,4,2026,678.7389471550744,10,0.92,20,4,814.4867365860893,7,3,419.85574711231936,419.85574711231936,419.85574711231936
Mine_J_Sitapatore,5,2026,498.4979702901413,10,0.92,20,4,598.1975643481695,7,3,419.85574711231936,419.85574711231936,419.85574711231936
Mine_J_Sitapatore,6,2026,461.29690039641497,420,0.72,10,2,553.5562804756979,7,3,419.85574711231936,419.85574711231936,419.85574711231936
Mine_J_Sitapatore,7,2026,759.423639635264,420,0.72,10,2,911.3083675623167,7,3,419.85574711231936,419.85574711231936,419.85574711231936
Mine_J_Sitapatore,8,2026,745.7126073541349,420,0.72,10,2,894.8551288249619,7,3,419.85574711231936,419.85574711231936,419.85574711231936
Mine_J_Sitapatore,9,2026,733.9840330069362,420,0.72,10,2,880.7808396083234,7,3,419.85574711231936,419.85574711231936,419.85574711231936
Mine_J_Sitapatore,10,2026,728.6170381840914,10,0.92,20,4,874.3404458209096,7,3,419.85574711231936,419.85574711231936,419.85574711231936
Mine_J_Sitapatore,11,2026,691.8019913998464,10,0.92,20,4,830.1623896798156,7,3,419.85574711231936,419.85574711231936,419.85574711231936
Mine_J_Sitapatore,12,2026,749.9038951453396,10,0.92,20,4,899.8846741744075,7,3,419.85574711231936,419.85574711231936,419.85574711231936
